{"mean":{"confidence_interval":{"confidence_level":0.95,"lower_bound":1095.011945018606,"upper_bound":1101.4673689728043},"point_estimate":1098.1155899650876,"standard_error":1.651667460899144},"median":{"confidence_interval":{"confidence_level":0.95,"lower_bound":1101.3547795607424,"upper_bound":1102.3784107125869},"point_estimate":1102.0621324016975,"standard_error":0.3033004855053029},"median_abs_dev":{"confidence_interval":{"confidence_level":0.95,"lower_bound":1.6021049858875998,"upper_bound":4.865473529825583},"point_estimate":2.108859547347273,"standard_error":1.5586624887870542},"slope":{"confidence_interval":{"confidence_level":0.95,"lower_bound":1102.25314644994,"upper_bound":1107.8341770906231},"point_estimate":1104.5874907575346,"standard_error":1.4510384989493186},"std_dev":{"confidence_interval":{"confidence_level":0.95,"lower_bound":12.35882562037504,"upper_bound":20.555032458318628},"point_estimate":16.59506472627571,"standard_error":2.102189481489932}}