{"mean":{"confidence_interval":{"confidence_level":0.95,"lower_bound":1703.17498529838,"upper_bound":1712.8791931477342},"point_estimate":1708.1465215967642,"standard_error":2.484001617267768},"median":{"confidence_interval":{"confidence_level":0.95,"lower_bound":1707.3574332103667,"upper_bound":1718.1221311927618},"point_estimate":1712.8784223421865,"standard_error":2.7678656650992393},"median_abs_dev":{"confidence_interval":{"confidence_level":0.95,"lower_bound":15.304613047987944,"upper_bound":27.346010383944932},"point_estimate":20.933730686614727,"standard_error":3.0501368191880283},"slope":{"confidence_interval":{"confidence_level":0.95,"lower_bound":1701.9937328780918,"upper_bound":1714.6865085194404},"point_estimate":1708.6340177853324,"standard_error":3.23388803730504},"std_dev":{"confidence_interval":{"confidence_level":0.95,"lower_bound":20.57463729342174,"upper_bound":28.83177404807089},"point_estimate":25.01206753886394,"standard_error":2.1149613560604195}}