{"mean":{"confidence_interval":{"confidence_level":0.95,"lower_bound":45957.35889226992,"upper_bound":46283.55831159054},"point_estimate":46125.409265364266,"standard_error":83.28422659900475},"median":{"confidence_interval":{"confidence_level":0.95,"lower_bound":46037.98863636364,"upper_bound":46409.786561264824},"point_estimate":46274.59550770867,"standard_error":81.60952872030539},"median_abs_dev":{"confidence_interval":{"confidence_level":0.95,"lower_bound":567.4381903420931,"upper_bound":955.785594500294},"point_estimate":741.8043465204211,"standard_error":100.46449182532264},"slope":{"confidence_interval":{"confidence_level":0.95,"lower_bound":45907.75062785655,"upper_bound":46258.334868017},"point_estimate":46084.44242298857,"standard_error":89.44440652437854},"std_dev":{"confidence_interval":{"confidence_level":0.95,"lower_bound":658.3756475723474,"upper_bound":1016.6923956603267},"point_estimate":840.5624080976277,"standard_error":91.88898083750965}}