{"mean":{"confidence_interval":{"confidence_level":0.95,"lower_bound":959856085.8,"upper_bound":961830848.9237499},"point_estimate":960850334.3,"standard_error":502090.9092891049},"median":{"confidence_interval":{"confidence_level":0.95,"lower_bound":959919731.5,"upper_bound":961867323.0},"point_estimate":961032013.0,"standard_error":472482.25061773247},"median_abs_dev":{"confidence_interval":{"confidence_level":0.95,"lower_bound":803478.7471354008,"upper_bound":4046238.4594649076},"point_estimate":1649068.5226231813,"standard_error":797726.7891932541},"slope":null,"std_dev":{"confidence_interval":{"confidence_level":0.95,"lower_bound":1555158.269664334,"upper_bound":2822578.158700072},"point_estimate":2292550.383341848,"standard_error":324267.23381941684}}