{"mean":{"confidence_interval":{"confidence_level":0.95,"lower_bound":573235.924636135,"upper_bound":575512.869129571},"point_estimate":574090.3170914062,"standard_error":621.4735795226026},"median":{"confidence_interval":{"confidence_level":0.95,"lower_bound":573029.7867647059,"upper_bound":573266.5697674418},"point_estimate":573157.9829929578,"standard_error":64.97297727813243},"median_abs_dev":{"confidence_interval":{"confidence_level":0.95,"lower_bound":324.34506658789866,"upper_bound":505.64430795851683},"point_estimate":410.22050994608844,"standard_error":46.572433744300525},"slope":{"confidence_interval":{"confidence_level":0.95,"lower_bound":573251.7204563995,"upper_bound":576372.8408768014},"point_estimate":574515.6924250037,"standard_error":822.6983968299902},"std_dev":{"confidence_interval":{"confidence_level":0.95,"lower_bound":906.2894292824153,"upper_bound":10476.076525988088},"point_estimate":6256.221503855177,"standard_error":3063.5470348252047}}