{"mean":{"confidence_interval":{"confidence_level":0.95,"lower_bound":635.9931649340045,"upper_bound":636.6763900578321},"point_estimate":636.2437221192996,"standard_error":0.1921186364237347},"median":{"confidence_interval":{"confidence_level":0.95,"lower_bound":635.9456423093707,"upper_bound":636.0307179741036},"point_estimate":635.9862765734097,"standard_error":0.022112146855767525},"median_abs_dev":{"confidence_interval":{"confidence_level":0.95,"lower_bound":0.1299693156062089,"upper_bound":0.22707881398762467},"point_estimate":0.16986248345411517,"standard_error":0.023770145756851047},"slope":{"confidence_interval":{"confidence_level":0.95,"lower_bound":635.9259016339628,"upper_bound":636.2363110041018},"point_estimate":636.0326594155778,"standard_error":0.08487747523405022},"std_dev":{"confidence_interval":{"confidence_level":0.95,"lower_bound":0.21837445917808576,"upper_bound":3.2706565669306675},"point_estimate":1.9342871700985371,"standard_error":1.0075356838617702}}