{"mean":{"confidence_interval":{"confidence_level":0.95,"lower_bound":2942408079.88,"upper_bound":2950366367.105},"point_estimate":2946291600.85,"standard_error":2033824.5120485146},"median":{"confidence_interval":{"confidence_level":0.95,"lower_bound":2939387429.5,"upper_bound":2951933420.0},"point_estimate":2942081898.5,"standard_error":3547251.3012202787},"median_abs_dev":{"confidence_interval":{"confidence_level":0.95,"lower_bound":3626460.9035899565,"upper_bound":15273596.668839455},"point_estimate":8838582.012283802,"standard_error":3054486.283456604},"slope":null,"std_dev":{"confidence_interval":{"confidence_level":0.95,"lower_bound":6933124.033306857,"upper_bound":10737204.471725224},"point_estimate":9378664.845891586,"standard_error":968182.9751596616}}