{"mean":{"confidence_interval":{"confidence_level":0.95,"lower_bound":467587.37351899827,"upper_bound":474379.2039860443},"point_estimate":471118.64080208074,"standard_error":1742.234586105622},"median":{"confidence_interval":{"confidence_level":0.95,"lower_bound":466251.2274611399,"upper_bound":476004.1648408586},"point_estimate":471350.0253310305,"standard_error":2635.2959104196584},"median_abs_dev":{"confidence_interval":{"confidence_level":0.95,"lower_bound":128.73602496833553,"upper_bound":10175.676256962202},"point_estimate":5973.310974811791,"standard_error":2557.7736661004424},"slope":{"confidence_interval":{"confidence_level":0.95,"lower_bound":471384.2172291899,"upper_bound":475415.0898293557},"point_estimate":473857.3158603055,"standard_error":1020.0701811712003},"std_dev":{"confidence_interval":{"confidence_level":0.95,"lower_bound":3197.978127111085,"upper_bound":7234.1335411434175},"point_estimate":5827.789764354996,"standard_error":1041.9704077686029}}