{"mean":{"confidence_interval":{"confidence_level":0.95,"lower_bound":58401.466860344444,"upper_bound":58457.41766374102},"point_estimate":58429.04830917163,"standard_error":14.2324891278363},"median":{"confidence_interval":{"confidence_level":0.95,"lower_bound":58385.78994931305,"upper_bound":58473.47216386555},"point_estimate":58444.70462184874,"standard_error":22.518291909431067},"median_abs_dev":{"confidence_interval":{"confidence_level":0.95,"lower_bound":106.73211676239383,"upper_bound":163.4220137167613},"point_estimate":132.51008004566629,"standard_error":14.246912159536702},"slope":{"confidence_interval":{"confidence_level":0.95,"lower_bound":58382.91859620606,"upper_bound":58443.81349644628},"point_estimate":58413.627426351064,"standard_error":15.52970883302752},"std_dev":{"confidence_interval":{"confidence_level":0.95,"lower_bound":116.77661857497445,"upper_bound":170.70832073772308},"point_estimate":143.29418884190022,"standard_error":13.824753134575637}}