{"mean":{"confidence_interval":{"confidence_level":0.95,"lower_bound":7875138.780857145,"upper_bound":8088631.842821427},"point_estimate":7980245.642857142,"standard_error":54416.78449925658},"median":{"confidence_interval":{"confidence_level":0.95,"lower_bound":7773224.0,"upper_bound":8026035.142857143},"point_estimate":7880946.071428571,"standard_error":63770.26104405121},"median_abs_dev":{"confidence_interval":{"confidence_level":0.95,"lower_bound":400984.2006811072,"upper_bound":679641.6191339486},"point_estimate":571478.0085542364,"standard_error":73056.41528052965},"slope":null,"std_dev":{"confidence_interval":{"confidence_level":0.95,"lower_bound":465160.08648459625,"upper_bound":621131.4390163376},"point_estimate":546195.3573352086,"standard_error":39832.62218811467}}