{"mean":{"confidence_interval":{"confidence_level":0.95,"lower_bound":131876630.72150001,"upper_bound":132156653.4625},"point_estimate":132002847.16,"standard_error":71416.01054246367},"median":{"confidence_interval":{"confidence_level":0.95,"lower_bound":131866792.0,"upper_bound":132081657.5},"point_estimate":131974450.5,"standard_error":58145.894050772484},"median_abs_dev":{"confidence_interval":{"confidence_level":0.95,"lower_bound":347248.63543510437,"upper_bound":617250.8470416069},"point_estimate":451186.30658984184,"standard_error":69683.83173914623},"slope":null,"std_dev":{"confidence_interval":{"confidence_level":0.95,"lower_bound":406458.26323784655,"upper_bound":1051232.2844237315},"point_estimate":718153.340670062,"standard_error":183200.86113249624}}