{"mean":{"confidence_interval":{"confidence_level":0.95,"lower_bound":621884666.2724999,"upper_bound":622627654.80025},"point_estimate":622245563.07,"standard_error":189398.99363594467},"median":{"confidence_interval":{"confidence_level":0.95,"lower_bound":621737513.0,"upper_bound":622462673.0},"point_estimate":622060139.5,"standard_error":172459.71551674753},"median_abs_dev":{"confidence_interval":{"confidence_level":0.95,"lower_bound":1234500.2114832401,"upper_bound":2222343.230545521},"point_estimate":1628017.826896906,"standard_error":243680.42301093688},"slope":null,"std_dev":{"confidence_interval":{"confidence_level":0.95,"lower_bound":1529620.4979923617,"upper_bound":2250848.6597955488},"point_estimate":1904675.1306681365,"standard_error":185033.32955404278}}