{"mean":{"confidence_interval":{"confidence_level":0.95,"lower_bound":64105562.1559375,"upper_bound":64186219.4246875},"point_estimate":64140982.275,"standard_error":20708.432489943778},"median":{"confidence_interval":{"confidence_level":0.95,"lower_bound":64095502.75,"upper_bound":64147418.875},"point_estimate":64126529.875,"standard_error":13286.022999914543},"median_abs_dev":{"confidence_interval":{"confidence_level":0.95,"lower_bound":23648.95218014717,"upper_bound":85978.5670235753},"point_estimate":46204.8575296998,"standard_error":16112.998022703488},"slope":null,"std_dev":{"confidence_interval":{"confidence_level":0.95,"lower_bound":36671.50838969062,"upper_bound":140022.490216379},"point_estimate":94911.94022715767,"standard_error":28688.70242018974}}