{"mean":{"confidence_interval":{"confidence_level":0.95,"lower_bound":54159921.68975,"upper_bound":54500288.37225},"point_estimate":54338981.45,"standard_error":87121.21879518848},"median":{"confidence_interval":{"confidence_level":0.95,"lower_bound":54109048.099999994,"upper_bound":54613964.0},"point_estimate":54446522.0,"standard_error":139902.266501586},"median_abs_dev":{"confidence_interval":{"confidence_level":0.95,"lower_bound":128298.41958224995,"upper_bound":589019.1783428192},"point_estimate":379335.5088454496,"standard_error":115354.89909587451},"slope":null,"std_dev":{"confidence_interval":{"confidence_level":0.95,"lower_bound":250434.99710931708,"upper_bound":513425.3299000546},"point_estimate":399078.004629582,"standard_error":68987.44597122468}}