{"mean":{"confidence_interval":{"confidence_level":0.95,"lower_bound":1548.0535273221155,"upper_bound":1548.6043144181206},"point_estimate":1548.3337517184516,"standard_error":0.14034108138566945},"median":{"confidence_interval":{"confidence_level":0.95,"lower_bound":1548.1027322211226,"upper_bound":1548.5260628724204},"point_estimate":1548.3231705711487,"standard_error":0.10029848781661405},"median_abs_dev":{"confidence_interval":{"confidence_level":0.95,"lower_bound":0.6885298016017954,"upper_bound":1.191596855242054},"point_estimate":0.945942985290678,"standard_error":0.128948936225984},"slope":{"confidence_interval":{"confidence_level":0.95,"lower_bound":1548.108742318679,"upper_bound":1548.444165930481},"point_estimate":1548.2752741336203,"standard_error":0.0855500657473934},"std_dev":{"confidence_interval":{"confidence_level":0.95,"lower_bound":0.9551254371225328,"upper_bound":1.8590823664125535},"point_estimate":1.4060517042467446,"standard_error":0.23514786144663982}}