{"mean":{"confidence_interval":{"confidence_level":0.95,"lower_bound":347351428.64925,"upper_bound":347632346.81799996},"point_estimate":347483748.34,"standard_error":71588.11216590233},"median":{"confidence_interval":{"confidence_level":0.95,"lower_bound":347189861.0,"upper_bound":347535786.0},"point_estimate":347419873.5,"standard_error":102394.71589212166},"median_abs_dev":{"confidence_interval":{"confidence_level":0.95,"lower_bound":430939.90281678754,"upper_bound":709601.9994020462},"point_estimate":616513.9948546886,"standard_error":70554.31315534974},"slope":null,"std_dev":{"confidence_interval":{"confidence_level":0.95,"lower_bound":504841.0489168079,"upper_bound":968708.6417243495},"point_estimate":720255.1761695255,"standard_error":128653.71528183398}}