{"mean":{"confidence_interval":{"confidence_level":0.95,"lower_bound":231866.83472720272,"upper_bound":234322.65416906876},"point_estimate":233164.87321881796,"standard_error":631.6756591946361},"median":{"confidence_interval":{"confidence_level":0.95,"lower_bound":231671.42354060913,"upper_bound":234934.21668781727},"point_estimate":233673.51641285955,"standard_error":870.9986940696449},"median_abs_dev":{"confidence_interval":{"confidence_level":0.95,"lower_bound":404.39467840431234,"upper_bound":3513.373727219071},"point_estimate":2124.936616101006,"standard_error":804.6125183069352},"slope":{"confidence_interval":{"confidence_level":0.95,"lower_bound":233595.93012283416,"upper_bound":235014.35845945834},"point_estimate":234582.13135341817,"standard_error":369.368270496626},"std_dev":{"confidence_interval":{"confidence_level":0.95,"lower_bound":996.5025829738213,"upper_bound":2657.19727257183},"point_estimate":2104.8375097713797,"standard_error":423.77589143753977}}