{"mean":{"confidence_interval":{"confidence_level":0.95,"lower_bound":32061146.59950628,"upper_bound":32120159.645185184},"point_estimate":32084625.85612434,"standard_error":16029.744737738167},"median":{"confidence_interval":{"confidence_level":0.95,"lower_bound":32058005.762962963,"upper_bound":32089802.0},"point_estimate":32067686.333333336,"standard_error":9223.909482194038},"median_abs_dev":{"confidence_interval":{"confidence_level":0.95,"lower_bound":1922.6603558655872,"upper_bound":38559.73545542249},"point_estimate":22227.687916492097,"standard_error":9869.595919637499},"slope":{"confidence_interval":{"confidence_level":0.95,"lower_bound":32054202.117359415,"upper_bound":32086494.595840614},"point_estimate":32065811.98181818,"standard_error":8302.922202551732},"std_dev":{"confidence_interval":{"confidence_level":0.95,"lower_bound":11114.890948886039,"upper_bound":80922.90180323544},"point_estimate":53380.950255570744,"standard_error":23243.75543960602}}