{"mean":{"confidence_interval":{"confidence_level":0.95,"lower_bound":85349.72735497737,"upper_bound":85557.05805563758},"point_estimate":85440.42278247364,"standard_error":53.50209923619389},"median":{"confidence_interval":{"confidence_level":0.95,"lower_bound":85259.09077380953,"upper_bound":85396.12932900432},"point_estimate":85337.5722392464,"standard_error":32.83247814343004},"median_abs_dev":{"confidence_interval":{"confidence_level":0.95,"lower_bound":183.63920111476048,"upper_bound":344.9656879958656},"point_estimate":272.2673559745081,"standard_error":44.438437725243446},"slope":{"confidence_interval":{"confidence_level":0.95,"lower_bound":85297.9178797857,"upper_bound":85540.3964782525},"point_estimate":85402.5043547116,"standard_error":62.53985273144422},"std_dev":{"confidence_interval":{"confidence_level":0.95,"lower_bound":214.8582430167404,"upper_bound":792.7094572085064},"point_estimate":536.4181834392529,"standard_error":158.1901985227722}}