{"mean":{"confidence_interval":{"confidence_level":0.95,"lower_bound":7637.945752969003,"upper_bound":7713.117915070125},"point_estimate":7677.078951661625,"standard_error":19.17313934654889},"median":{"confidence_interval":{"confidence_level":0.95,"lower_bound":7649.053846153846,"upper_bound":7706.738383178791},"point_estimate":7678.977694465422,"standard_error":14.288128071252745},"median_abs_dev":{"confidence_interval":{"confidence_level":0.95,"lower_bound":90.87476673829875,"upper_bound":155.7832063823416},"point_estimate":127.05410040592618,"standard_error":15.96386888805836},"slope":{"confidence_interval":{"confidence_level":0.95,"lower_bound":7646.063044073751,"upper_bound":7733.270177866451},"point_estimate":7690.774075570358,"standard_error":22.234049200261946},"std_dev":{"confidence_interval":{"confidence_level":0.95,"lower_bound":136.56098154956263,"upper_bound":240.6639583717319},"point_estimate":192.22691821697163,"standard_error":26.626106244718294}}