{"mean":{"confidence_interval":{"confidence_level":0.95,"lower_bound":26709900.276875,"upper_bound":26722535.662249997},"point_estimate":26716204.225,"standard_error":3230.334579832021},"median":{"confidence_interval":{"confidence_level":0.95,"lower_bound":26708205.0,"upper_bound":26724631.0},"point_estimate":26712630.0,"standard_error":4827.761636851571},"median_abs_dev":{"confidence_interval":{"confidence_level":0.95,"lower_bound":26873.6071228981,"upper_bound":43702.599424123764},"point_estimate":36363.35890442133,"standard_error":4305.566990223607},"slope":null,"std_dev":{"confidence_interval":{"confidence_level":0.95,"lower_bound":28462.24243239405,"upper_bound":36101.809487429295},"point_estimate":32497.43932525859,"standard_error":1953.5965105584437}}