{"mean":{"confidence_interval":{"confidence_level":0.95,"lower_bound":16733866.831666658,"upper_bound":16741845.775083333},"point_estimate":16737728.14666667,"standard_error":2033.5705261401429},"median":{"confidence_interval":{"confidence_level":0.95,"lower_bound":16731999.666666666,"upper_bound":16739783.333333334},"point_estimate":16735716.666666668,"standard_error":2178.706853715284},"median_abs_dev":{"confidence_interval":{"confidence_level":0.95,"lower_bound":13640.90815782455,"upper_bound":20733.172231910772},"point_estimate":17422.032290695715,"standard_error":1810.581334513846},"slope":null,"std_dev":{"confidence_interval":{"confidence_level":0.95,"lower_bound":15631.941237896313,"upper_bound":25643.109763738576},"point_estimate":20504.09397982223,"standard_error":2606.183807989505}}