{"mean":{"confidence_interval":{"confidence_level":0.95,"lower_bound":2009773.6448199998,"upper_bound":2035820.74759},"point_estimate":2022623.7903999994,"standard_error":6662.6790257359935},"median":{"confidence_interval":{"confidence_level":0.95,"lower_bound":1999690.8,"upper_bound":2023232.52},"point_estimate":2008607.46,"standard_error":5786.602545274999},"median_abs_dev":{"confidence_interval":{"confidence_level":0.95,"lower_bound":38200.611617803515,"upper_bound":75437.4146447183},"point_estimate":53896.57136714457,"standard_error":9410.128384046064},"slope":null,"std_dev":{"confidence_interval":{"confidence_level":0.95,"lower_bound":56555.06858792735,"upper_bound":76288.20962033884},"point_estimate":66937.09123552748,"standard_error":5041.324602325435}}