{"mean":{"confidence_interval":{"confidence_level":0.95,"lower_bound":5987339.85775,"upper_bound":5990428.424499998},"point_estimate":5988727.296666668,"standard_error":787.8498279476163},"median":{"confidence_interval":{"confidence_level":0.95,"lower_bound":5986539.555555556,"upper_bound":5989350.888888889},"point_estimate":5988006.388888889,"standard_error":809.7044662885402},"median_abs_dev":{"confidence_interval":{"confidence_level":0.95,"lower_bound":4415.182721614838,"upper_bound":6565.117416779737},"point_estimate":5807.261730233905,"standard_error":549.8809212755356},"slope":null,"std_dev":{"confidence_interval":{"confidence_level":0.95,"lower_bound":4546.292213750586,"upper_bound":11578.991785391294},"point_estimate":7913.283064079045,"standard_error":2051.196270895529}}