{"mean":{"confidence_interval":{"confidence_level":0.95,"lower_bound":669793.6284772009,"upper_bound":670205.1347268218},"point_estimate":669985.0699622228,"standard_error":104.88712667805848},"median":{"confidence_interval":{"confidence_level":0.95,"lower_bound":669629.5,"upper_bound":670106.4662921348},"point_estimate":669899.2223453608,"standard_error":104.21417585340889},"median_abs_dev":{"confidence_interval":{"confidence_level":0.95,"lower_bound":720.3849761325317,"upper_bound":1057.2702812297086},"point_estimate":945.786994624248,"standard_error":86.34637025954616},"slope":{"confidence_interval":{"confidence_level":0.95,"lower_bound":669602.7188388905,"upper_bound":669956.8226329042},"point_estimate":669780.3839618738,"standard_error":90.41141622480184},"std_dev":{"confidence_interval":{"confidence_level":0.95,"lower_bound":703.9925008762135,"upper_bound":1478.71941322205},"point_estimate":1057.1308652959947,"standard_error":229.00168716378383}}