{"mean":{"confidence_interval":{"confidence_level":0.95,"lower_bound":1649117.3927089616,"upper_bound":1668615.3372622838},"point_estimate":1659271.6340335717,"standard_error":4978.419286224632},"median":{"confidence_interval":{"confidence_level":0.95,"lower_bound":1658572.1767676766,"upper_bound":1670257.7871031747},"point_estimate":1662376.5674755215,"standard_error":3402.876278926207},"median_abs_dev":{"confidence_interval":{"confidence_level":0.95,"lower_bound":22932.18544950823,"upper_bound":45141.81219485063},"point_estimate":32973.78824793155,"standard_error":5784.849275461235},"slope":{"confidence_interval":{"confidence_level":0.95,"lower_bound":1650670.1319557463,"upper_bound":1667944.3983336384},"point_estimate":1659478.0648736516,"standard_error":4411.12044154642},"std_dev":{"confidence_interval":{"confidence_level":0.95,"lower_bound":37106.98857035988,"upper_bound":64434.15125503514},"point_estimate":49969.65213887265,"standard_error":7258.1781094013395}}