{"mean":{"confidence_interval":{"confidence_level":0.95,"lower_bound":41943.38271996772,"upper_bound":42386.83559016041},"point_estimate":42167.93865304366,"standard_error":113.25621536704568},"median":{"confidence_interval":{"confidence_level":0.95,"lower_bound":42034.61936828603,"upper_bound":42448.69642857143},"point_estimate":42291.49166666667,"standard_error":99.22759032130769},"median_abs_dev":{"confidence_interval":{"confidence_level":0.95,"lower_bound":664.2335823091563,"upper_bound":1271.603952325022},"point_estimate":989.988629507524,"standard_error":153.85599449929865},"slope":{"confidence_interval":{"confidence_level":0.95,"lower_bound":42113.3434475284,"upper_bound":42688.41238390163},"point_estimate":42413.246248953255,"standard_error":146.55152579214135},"std_dev":{"confidence_interval":{"confidence_level":0.95,"lower_bound":908.2073496889531,"upper_bound":1372.6992418462796},"point_estimate":1141.8552739604875,"standard_error":119.1072939995513}}