{"mean":{"confidence_interval":{"confidence_level":0.95,"lower_bound":1442798295.27075,"upper_bound":1452254519.2297502},"point_estimate":1447647728.59,"standard_error":2414341.6647156943},"median":{"confidence_interval":{"confidence_level":0.95,"lower_bound":1459108229.0,"upper_bound":1461608250.0},"point_estimate":1460461984.5,"standard_error":635356.2173449202},"median_abs_dev":{"confidence_interval":{"confidence_level":0.95,"lower_bound":4318336.326134205,"upper_bound":9918914.806804061},"point_estimate":7424326.190891862,"standard_error":1468430.6337096575},"slope":null,"std_dev":{"confidence_interval":{"confidence_level":0.95,"lower_bound":21298609.740643527,"upper_bound":26207831.996535134},"point_estimate":24229359.89512387,"standard_error":1263167.3229977393}}