{"mean":{"confidence_interval":{"confidence_level":0.95,"lower_bound":7945.538808316453,"upper_bound":7977.34678023213},"point_estimate":7961.737854636655,"standard_error":8.12385717194779},"median":{"confidence_interval":{"confidence_level":0.95,"lower_bound":7960.750537469287,"upper_bound":7996.70625},"point_estimate":7974.565156250001,"standard_error":9.837532140576467},"median_abs_dev":{"confidence_interval":{"confidence_level":0.95,"lower_bound":56.60625884558227,"upper_bound":99.07761530575293},"point_estimate":80.02864397164991,"standard_error":11.190626511555463},"slope":{"confidence_interval":{"confidence_level":0.95,"lower_bound":7927.716540853625,"upper_bound":7962.679862259868},"point_estimate":7945.191538163144,"standard_error":8.912294412752624},"std_dev":{"confidence_interval":{"confidence_level":0.95,"lower_bound":69.19106592884759,"upper_bound":91.71238787527427},"point_estimate":81.4070608290904,"standard_error":5.7399111214216365}}