{"mean":{"confidence_interval":{"confidence_level":0.95,"lower_bound":167857.8059709023,"upper_bound":168556.56492670436},"point_estimate":168225.35707886732,"standard_error":178.38273220996214},"median":{"confidence_interval":{"confidence_level":0.95,"lower_bound":168269.70175438595,"upper_bound":168938.91666666666},"point_estimate":168691.5285039942,"standard_error":152.02574153580838},"median_abs_dev":{"confidence_interval":{"confidence_level":0.95,"lower_bound":869.8239884732016,"upper_bound":1412.9929302442072},"point_estimate":1145.4915445458919,"standard_error":136.20525160280852},"slope":{"confidence_interval":{"confidence_level":0.95,"lower_bound":167900.73600233492,"upper_bound":168524.8934110111},"point_estimate":168214.790153687,"standard_error":159.32427744123143},"std_dev":{"confidence_interval":{"confidence_level":0.95,"lower_bound":1269.988338001793,"upper_bound":2329.7013050176265},"point_estimate":1788.752856660515,"standard_error":277.74444279776577}}