{"mean":{"confidence_interval":{"confidence_level":0.95,"lower_bound":2140.098183316811,"upper_bound":2142.155657918133},"point_estimate":2141.120072980085,"standard_error":0.525798667499096},"median":{"confidence_interval":{"confidence_level":0.95,"lower_bound":2139.884199134199,"upper_bound":2143.225124622852},"point_estimate":2142.911987563143,"standard_error":0.9254267606215273},"median_abs_dev":{"confidence_interval":{"confidence_level":0.95,"lower_bound":2.8033033507316825,"upper_bound":9.907134235024731},"point_estimate":6.080656547507324,"standard_error":1.8780454400638191},"slope":{"confidence_interval":{"confidence_level":0.95,"lower_bound":2139.402341982272,"upper_bound":2141.855585663107},"point_estimate":2140.6358349310412,"standard_error":0.6266353676496282},"std_dev":{"confidence_interval":{"confidence_level":0.95,"lower_bound":4.60277352199842,"upper_bound":5.895475211461041},"point_estimate":5.269895690767268,"standard_error":0.3316066357038751}}