{"mean":{"confidence_interval":{"confidence_level":0.95,"lower_bound":4093981.9689999986,"upper_bound":4252168.893269228},"point_estimate":4173117.8192307698,"standard_error":40336.20601870208},"median":{"confidence_interval":{"confidence_level":0.95,"lower_bound":4097857.192307692,"upper_bound":4278482.230769231},"point_estimate":4163115.153846154,"standard_error":39640.31847261275},"median_abs_dev":{"confidence_interval":{"confidence_level":0.95,"lower_bound":348990.2912426453,"upper_bound":525417.4071873609},"point_estimate":461782.1634863432,"standard_error":46429.703486700906},"slope":null,"std_dev":{"confidence_interval":{"confidence_level":0.95,"lower_bound":350766.37136326235,"upper_bound":450235.91963945824},"point_estimate":403288.64374338806,"standard_error":25375.049183660893}}