{"mean":{"confidence_interval":{"confidence_level":0.95,"lower_bound":23215898.165166657,"upper_bound":23274617.319583338},"point_estimate":23246475.18999999,"standard_error":14998.116975060657},"median":{"confidence_interval":{"confidence_level":0.95,"lower_bound":23245214.666666668,"upper_bound":23296785.333333336},"point_estimate":23273100.166666664,"standard_error":14474.644829986539},"median_abs_dev":{"confidence_interval":{"confidence_level":0.95,"lower_bound":87727.17014253324,"upper_bound":144761.55562996957},"point_estimate":110462.09943891031,"standard_error":14600.893930178905},"slope":null,"std_dev":{"confidence_interval":{"confidence_level":0.95,"lower_bound":115484.16690987989,"upper_bound":184664.36142220028},"point_estimate":150498.5584079662,"standard_error":17804.649132342533}}