{"mean":{"confidence_interval":{"confidence_level":0.95,"lower_bound":18774703.88383333,"upper_bound":18869221.58458334},"point_estimate":18821217.909999996,"standard_error":24022.795714947897},"median":{"confidence_interval":{"confidence_level":0.95,"lower_bound":18841055.333333332,"upper_bound":18919059.666666668},"point_estimate":18889675.833333336,"standard_error":20870.89262724895},"median_abs_dev":{"confidence_interval":{"confidence_level":0.95,"lower_bound":80288.71897458754,"upper_bound":182049.75422047442},"point_estimate":120175.10606646538,"standard_error":27296.48428147147},"slope":null,"std_dev":{"confidence_interval":{"confidence_level":0.95,"lower_bound":169895.47158839155,"upper_bound":319139.34299110697},"point_estimate":241813.69961875284,"standard_error":39066.05888981068}}