{"mean":{"confidence_interval":{"confidence_level":0.95,"lower_bound":18373262.250166666,"upper_bound":18385337.17550001},"point_estimate":18379214.049999997,"standard_error":3076.1117620669243},"median":{"confidence_interval":{"confidence_level":0.95,"lower_bound":18369349.666666668,"upper_bound":18382083.833333336},"point_estimate":18376166.833333336,"standard_error":3102.3695735854894},"median_abs_dev":{"confidence_interval":{"confidence_level":0.95,"lower_bound":21054.40222620964,"upper_bound":36696.820348503046},"point_estimate":25996.89633846191,"standard_error":3911.0982114495987},"slope":null,"std_dev":{"confidence_interval":{"confidence_level":0.95,"lower_bound":26158.44741393592,"upper_bound":35031.3177530453},"point_estimate":30853.806906266214,"standard_error":2266.93376940801}}