{"mean":{"confidence_interval":{"confidence_level":0.95,"lower_bound":617894.0690101313,"upper_bound":625689.1546436728},"point_estimate":621894.7920278866,"standard_error":2004.2544012775236},"median":{"confidence_interval":{"confidence_level":0.95,"lower_bound":616969.3858447488,"upper_bound":627309.2111872146},"point_estimate":622982.9747431506,"standard_error":3208.743772307806},"median_abs_dev":{"confidence_interval":{"confidence_level":0.95,"lower_bound":904.5502377424809,"upper_bound":11516.035339950158},"point_estimate":7363.533664956087,"standard_error":2595.064263054913},"slope":{"confidence_interval":{"confidence_level":0.95,"lower_bound":619893.255931996,"upper_bound":627006.0827566728},"point_estimate":622978.3857320761,"standard_error":1818.968820881036},"std_dev":{"confidence_interval":{"confidence_level":0.95,"lower_bound":3925.7994323890193,"upper_bound":8379.2997430822},"point_estimate":6660.196127476537,"standard_error":1175.3329654683128}}