{"mean":{"confidence_interval":{"confidence_level":0.95,"lower_bound":5170.386409374847,"upper_bound":5174.571008349842},"point_estimate":5172.47816013591,"standard_error":1.0716404077657764},"median":{"confidence_interval":{"confidence_level":0.95,"lower_bound":5169.406671635243,"upper_bound":5172.952037786775},"point_estimate":5170.77258558435,"standard_error":0.9060614281018521},"median_abs_dev":{"confidence_interval":{"confidence_level":0.95,"lower_bound":7.827774861029249,"upper_bound":15.692560413709524},"point_estimate":12.823433789432709,"standard_error":2.1477266921994618},"slope":{"confidence_interval":{"confidence_level":0.95,"lower_bound":5169.993758615382,"upper_bound":5174.700454100672},"point_estimate":5172.326174428695,"standard_error":1.1992604580513762},"std_dev":{"confidence_interval":{"confidence_level":0.95,"lower_bound":9.49280862679271,"upper_bound":12.028227806946397},"point_estimate":10.807434669962946,"standard_error":0.6458126203520136}}