{"mean":{"confidence_interval":{"confidence_level":0.95,"lower_bound":316.01125714087755,"upper_bound":329.94266954462023},"point_estimate":323.1213038213168,"standard_error":3.555806505818914},"median":{"confidence_interval":{"confidence_level":0.95,"lower_bound":313.63288662790694,"upper_bound":346.92318936877075},"point_estimate":321.03695703586914,"standard_error":10.47512856642549},"median_abs_dev":{"confidence_interval":{"confidence_level":0.95,"lower_bound":27.016637226441098,"upper_bound":56.0215144197565},"point_estimate":45.59484421211246,"standard_error":7.839018596950284},"slope":{"confidence_interval":{"confidence_level":0.95,"lower_bound":323.4059233771704,"upper_bound":338.7034887583714},"point_estimate":331.3416987949958,"standard_error":3.900309229344878},"std_dev":{"confidence_interval":{"confidence_level":0.95,"lower_bound":30.591300914663787,"upper_bound":41.005258277989576},"point_estimate":35.86008534349939,"standard_error":2.6669016451281835}}