{"mean":{"confidence_interval":{"confidence_level":0.95,"lower_bound":441875.0446647668,"upper_bound":442087.41912973084},"point_estimate":441976.40534993156,"standard_error":54.14768633837498},"median":{"confidence_interval":{"confidence_level":0.95,"lower_bound":441887.03741114854,"upper_bound":442028.12324561406},"point_estimate":441962.83555088704,"standard_error":42.378198847948696},"median_abs_dev":{"confidence_interval":{"confidence_level":0.95,"lower_bound":79.12086294717818,"upper_bound":312.2329069567085},"point_estimate":164.24866359632415,"standard_error":62.393165948748845},"slope":{"confidence_interval":{"confidence_level":0.95,"lower_bound":441881.14121093584,"upper_bound":442072.9644326358},"point_estimate":441970.91882178345,"standard_error":48.83523528890938},"std_dev":{"confidence_interval":{"confidence_level":0.95,"lower_bound":137.5465246490167,"upper_bound":337.13331571570245},"point_estimate":248.4423759131725,"standard_error":53.04822235525872}}