{"mean":{"confidence_interval":{"confidence_level":0.95,"lower_bound":2757607.350824916,"upper_bound":2825715.929160654},"point_estimate":2792788.7953054355,"standard_error":17437.36066681308},"median":{"confidence_interval":{"confidence_level":0.95,"lower_bound":2744399.8424242423,"upper_bound":2837873.3367003365},"point_estimate":2803354.7792207794,"standard_error":22329.551870929266},"median_abs_dev":{"confidence_interval":{"confidence_level":0.95,"lower_bound":14253.302174225726,"upper_bound":98520.68826782733},"point_estimate":53583.39354516878,"standard_error":23422.121223729842},"slope":{"confidence_interval":{"confidence_level":0.95,"lower_bound":2746502.6493927254,"upper_bound":2831581.6609652042},"point_estimate":2785138.1153089334,"standard_error":22016.672391299857},"std_dev":{"confidence_interval":{"confidence_level":0.95,"lower_bound":31128.56245656428,"upper_bound":72751.95323135833},"point_estimate":58033.731960250334,"standard_error":10423.306365815723}}