{"mean":{"confidence_interval":{"confidence_level":0.95,"lower_bound":26411.10446712991,"upper_bound":26506.33823945001},"point_estimate":26458.88078685386,"standard_error":24.22358471774452},"median":{"confidence_interval":{"confidence_level":0.95,"lower_bound":26233.975,"upper_bound":26636.43062698326},"point_estimate":26621.827064504694,"standard_error":147.6994816726483},"median_abs_dev":{"confidence_interval":{"confidence_level":0.95,"lower_bound":89.72525972284458,"upper_bound":345.34956187613903},"point_estimate":218.41345543539563,"standard_error":61.991893112218634},"slope":{"confidence_interval":{"confidence_level":0.95,"lower_bound":26413.190458221037,"upper_bound":26542.533122372544},"point_estimate":26479.062506124927,"standard_error":33.096315907402435},"std_dev":{"confidence_interval":{"confidence_level":0.95,"lower_bound":231.49908067370225,"upper_bound":250.3300768100172},"point_estimate":242.5885734631987,"standard_error":4.791259296311096}}