{"mean":{"confidence_interval":{"confidence_level":0.95,"lower_bound":5753421.854555557,"upper_bound":6094285.943361107},"point_estimate":5920680.088888891,"standard_error":87182.633388376},"median":{"confidence_interval":{"confidence_level":0.95,"lower_bound":5585587.666666667,"upper_bound":6056145.666666667},"point_estimate":5855452.666666667,"standard_error":123174.77493468176},"median_abs_dev":{"confidence_interval":{"confidence_level":0.95,"lower_bound":601371.2129235263,"upper_bound":1057050.7858335972},"point_estimate":848944.8168615501,"standard_error":118110.4428791233},"slope":null,"std_dev":{"confidence_interval":{"confidence_level":0.95,"lower_bound":716525.8165691422,"upper_bound":1035063.9450455875},"point_estimate":875764.2988292495,"standard_error":81916.88807156889}}