{"mean":{"confidence_interval":{"confidence_level":0.95,"lower_bound":2.051647619947846,"upper_bound":2.0670382004482515},"point_estimate":2.059204419659396,"standard_error":0.00394004684431654},"median":{"confidence_interval":{"confidence_level":0.95,"lower_bound":2.04780083921908,"upper_bound":2.0655208261218774},"point_estimate":2.057490863747823,"standard_error":0.00422532058960406},"median_abs_dev":{"confidence_interval":{"confidence_level":0.95,"lower_bound":0.026531557321192844,"upper_bound":0.046526855212779376},"point_estimate":0.035463750091327045,"standard_error":0.004879712238023439},"slope":{"confidence_interval":{"confidence_level":0.95,"lower_bound":2.0440722470107096,"upper_bound":2.0576455591854654},"point_estimate":2.0508010591528976,"standard_error":0.0034785562445330456},"std_dev":{"confidence_interval":{"confidence_level":0.95,"lower_bound":0.03205602198160588,"upper_bound":0.04733419277844821},"point_estimate":0.03968397216692458,"standard_error":0.003923153760818237}}