{"mean":{"confidence_interval":{"confidence_level":0.95,"lower_bound":132.31634358445694,"upper_bound":132.63710232760693},"point_estimate":132.4764977479518,"standard_error":0.08149253050139015},"median":{"confidence_interval":{"confidence_level":0.95,"lower_bound":132.46237798569564,"upper_bound":132.56404580710182},"point_estimate":132.53510227698968,"standard_error":0.029073544193821917},"median_abs_dev":{"confidence_interval":{"confidence_level":0.95,"lower_bound":0.12964237039781304,"upper_bound":0.1959117542502753},"point_estimate":0.15950159676711576,"standard_error":0.01695175657284955},"slope":{"confidence_interval":{"confidence_level":0.95,"lower_bound":132.16663097244154,"upper_bound":132.63044655256712},"point_estimate":132.40805185733777,"standard_error":0.11882600093311177},"std_dev":{"confidence_interval":{"confidence_level":0.95,"lower_bound":0.5182285729939898,"upper_bound":1.0681070725758606},"point_estimate":0.82024620644418,"standard_error":0.1402344758549618}}