{"mean":{"confidence_interval":{"confidence_level":0.95,"lower_bound":105009.60243419326,"upper_bound":105062.25004898575},"point_estimate":105033.67016986784,"standard_error":13.438034751709399},"median":{"confidence_interval":{"confidence_level":0.95,"lower_bound":104973.69081632653,"upper_bound":105035.84864864865},"point_estimate":105015.7540700961,"standard_error":15.215359771695368},"median_abs_dev":{"confidence_interval":{"confidence_level":0.95,"lower_bound":58.856009719452864,"upper_bound":98.04806820436654},"point_estimate":80.7824858780835,"standard_error":9.490555922295886},"slope":{"confidence_interval":{"confidence_level":0.95,"lower_bound":104998.1716219878,"upper_bound":105042.37493057255},"point_estimate":105018.5945627309,"standard_error":11.285310554687396},"std_dev":{"confidence_interval":{"confidence_level":0.95,"lower_bound":75.82403586075809,"upper_bound":187.27534860545632},"point_estimate":134.81385830406623,"standard_error":29.034684795545672}}