{"mean":{"confidence_interval":{"confidence_level":0.95,"lower_bound":319223.5195994898,"upper_bound":323800.0276897676},"point_estimate":321785.21105286287,"standard_error":1181.0529663615555},"median":{"confidence_interval":{"confidence_level":0.95,"lower_bound":320560.8193877551,"upper_bound":324717.7988095238},"point_estimate":322294.8006746032,"standard_error":1161.908969989416},"median_abs_dev":{"confidence_interval":{"confidence_level":0.95,"lower_bound":136.99844028203296,"upper_bound":5675.634330889106},"point_estimate":2630.669661320094,"standard_error":1279.2734983200912},"slope":{"confidence_interval":{"confidence_level":0.95,"lower_bound":319897.06616709183,"upper_bound":322489.60676451935},"point_estimate":321573.40062152134,"standard_error":648.6307959072969},"std_dev":{"confidence_interval":{"confidence_level":0.95,"lower_bound":1566.2661187151914,"upper_bound":5624.347513109066},"point_estimate":3945.5982267017357,"standard_error":1232.9217499601432}}