{"mean":{"confidence_interval":{"confidence_level":0.95,"lower_bound":9697.24825277846,"upper_bound":9700.248421612048},"point_estimate":9698.780723962074,"standard_error":0.7669115813900599},"median":{"confidence_interval":{"confidence_level":0.95,"lower_bound":9697.96,"upper_bound":9702.209864864864},"point_estimate":9699.405197368422,"standard_error":1.03152853245815},"median_abs_dev":{"confidence_interval":{"confidence_level":0.95,"lower_bound":5.119454417982191,"upper_bound":7.961561858655209},"point_estimate":6.31881651652683,"standard_error":0.710547680901475},"slope":{"confidence_interval":{"confidence_level":0.95,"lower_bound":9698.672110405192,"upper_bound":9701.793788453368},"point_estimate":9700.291321058075,"standard_error":0.7940108007439214},"std_dev":{"confidence_interval":{"confidence_level":0.95,"lower_bound":6.38241557204597,"upper_bound":8.832006425620044},"point_estimate":7.683776715609786,"standard_error":0.6261075581447804}}