{"mean":{"confidence_interval":{"confidence_level":0.95,"lower_bound":2503868639.0875,"upper_bound":2510434754.4625},"point_estimate":2507134785.1,"standard_error":1674601.5638145497},"median":{"confidence_interval":{"confidence_level":0.95,"lower_bound":2503548488.5,"upper_bound":2511444936.5},"point_estimate":2506374906.0,"standard_error":2200116.043744642},"median_abs_dev":{"confidence_interval":{"confidence_level":0.95,"lower_bound":3024506.170204282,"upper_bound":11850287.414315343},"point_estimate":7516827.085849643,"standard_error":2245061.576330866},"slope":null,"std_dev":{"confidence_interval":{"confidence_level":0.95,"lower_bound":5291572.59333719,"upper_bound":9421159.26478348},"point_estimate":7678206.144717122,"standard_error":1057922.4958953145}}