{"mean":{"confidence_interval":{"confidence_level":0.95,"lower_bound":20017558.565788403,"upper_bound":23089951.87294306},"point_estimate":21456298.86723358,"standard_error":783405.8544964091},"median":{"confidence_interval":{"confidence_level":0.95,"lower_bound":19819243.537259616,"upper_bound":22399712.826298703},"point_estimate":20610768.40416667,"standard_error":735109.1825387966},"median_abs_dev":{"confidence_interval":{"confidence_level":0.95,"lower_bound":1217995.6845570228,"upper_bound":4539699.531849677},"point_estimate":2459556.736801641,"standard_error":896188.1480331174},"slope":{"confidence_interval":{"confidence_level":0.95,"lower_bound":20608521.20661218,"upper_bound":22575209.993858032},"point_estimate":21562571.85958188,"standard_error":504075.4928363788},"std_dev":{"confidence_interval":{"confidence_level":0.95,"lower_bound":2009052.76040213,"upper_bound":4878193.026952554},"point_estimate":3591734.723169581,"standard_error":766882.5267885461}}