{"mean":{"confidence_interval":{"confidence_level":0.95,"lower_bound":50101.65139500902,"upper_bound":50445.32961483607},"point_estimate":50278.94444661376,"standard_error":87.54592844488458},"median":{"confidence_interval":{"confidence_level":0.95,"lower_bound":50178.48173363095,"upper_bound":50522.668229166666},"point_estimate":50405.26245059288,"standard_error":94.44357294363607},"median_abs_dev":{"confidence_interval":{"confidence_level":0.95,"lower_bound":527.7851235177549,"upper_bound":893.4215247983122},"point_estimate":721.8510095124984,"standard_error":92.42615734611388},"slope":{"confidence_interval":{"confidence_level":0.95,"lower_bound":50109.830235042384,"upper_bound":50442.33871141094},"point_estimate":50287.52346992759,"standard_error":84.76159774529994},"std_dev":{"confidence_interval":{"confidence_level":0.95,"lower_bound":673.4274681446099,"upper_bound":1083.9146146658775},"point_estimate":879.1233203679477,"standard_error":106.09294582159663}}