{"mean":{"confidence_interval":{"confidence_level":0.95,"lower_bound":4561352.779759476,"upper_bound":4727280.100686068},"point_estimate":4645680.254187605,"standard_error":42388.8046230198},"median":{"confidence_interval":{"confidence_level":0.95,"lower_bound":4535058.928649237,"upper_bound":4789294.855555555},"point_estimate":4671415.588541666,"standard_error":68862.1096453332},"median_abs_dev":{"confidence_interval":{"confidence_level":0.95,"lower_bound":101977.65861967795,"upper_bound":322984.06656255334},"point_estimate":213128.14302733072,"standard_error":55201.47995228227},"slope":{"confidence_interval":{"confidence_level":0.95,"lower_bound":4557032.316921049,"upper_bound":4694568.958619877},"point_estimate":4628900.016492451,"standard_error":35258.104012898475},"std_dev":{"confidence_interval":{"confidence_level":0.95,"lower_bound":141366.26323101876,"upper_bound":228077.1011382409},"point_estimate":194138.79754153747,"standard_error":22184.125492873707}}