{"mean":{"confidence_interval":{"confidence_level":0.95,"lower_bound":15351.004534607388,"upper_bound":15361.371633970166},"point_estimate":15356.199651632902,"standard_error":2.6541509174943947},"median":{"confidence_interval":{"confidence_level":0.95,"lower_bound":15351.558820749142,"upper_bound":15366.240831431985},"point_estimate":15356.704950604952,"standard_error":3.6090136124793233},"median_abs_dev":{"confidence_interval":{"confidence_level":0.95,"lower_bound":24.54048522135243,"upper_bound":35.813351520440605},"point_estimate":30.931334809834194,"standard_error":2.6470189318045683},"slope":{"confidence_interval":{"confidence_level":0.95,"lower_bound":15352.43572333155,"upper_bound":15366.451048687239},"point_estimate":15359.461028975458,"standard_error":3.584725015821082},"std_dev":{"confidence_interval":{"confidence_level":0.95,"lower_bound":23.588927562286475,"upper_bound":29.711482501725072},"point_estimate":26.81017306032607,"standard_error":1.568110680984939}}