{"mean":{"confidence_interval":{"confidence_level":0.95,"lower_bound":42840.457479492354,"upper_bound":43217.301407750376},"point_estimate":43026.95185129778,"standard_error":96.07182960172439},"median":{"confidence_interval":{"confidence_level":0.95,"lower_bound":42732.04350490196,"upper_bound":43229.53172348485},"point_estimate":42926.929016323025,"standard_error":124.56077236408207},"median_abs_dev":{"confidence_interval":{"confidence_level":0.95,"lower_bound":742.8498003763718,"upper_bound":1201.0055552528895},"point_estimate":971.904612716006,"standard_error":114.02489310335137},"slope":{"confidence_interval":{"confidence_level":0.95,"lower_bound":42485.12762537953,"upper_bound":42874.29331970931},"point_estimate":42679.12742648146,"standard_error":99.1134583187288},"std_dev":{"confidence_interval":{"confidence_level":0.95,"lower_bound":814.1776321232351,"upper_bound":1121.085374665487},"point_estimate":966.9104052033935,"standard_error":78.6589405156681}}