{"mean":{"confidence_interval":{"confidence_level":0.95,"lower_bound":471784.3300671707,"upper_bound":472407.6526710149},"point_estimate":472098.9416810279,"standard_error":159.16074910174373},"median":{"confidence_interval":{"confidence_level":0.95,"lower_bound":471711.4148148148,"upper_bound":472566.4510939511},"point_estimate":472114.2761497762,"standard_error":181.99381778893792},"median_abs_dev":{"confidence_interval":{"confidence_level":0.95,"lower_bound":1372.5244899185514,"upper_bound":2099.6409608868007},"point_estimate":1835.0743454200137,"standard_error":191.4011013340931},"slope":{"confidence_interval":{"confidence_level":0.95,"lower_bound":471506.7108255593,"upper_bound":472342.8345284904},"point_estimate":471923.57485542586,"standard_error":213.48539917531244},"std_dev":{"confidence_interval":{"confidence_level":0.95,"lower_bound":1379.5563563510516,"upper_bound":1795.9856793274757},"point_estimate":1599.5128888799095,"standard_error":106.15825452186223}}