{"mean":{"confidence_interval":{"confidence_level":0.95,"lower_bound":47752931.09083334,"upper_bound":47768870.513125},"point_estimate":47760518.26666667,"standard_error":4084.3266924202567},"median":{"confidence_interval":{"confidence_level":0.95,"lower_bound":47750378.5,"upper_bound":47766621.25},"point_estimate":47759253.833333336,"standard_error":4162.012751966109},"median_abs_dev":{"confidence_interval":{"confidence_level":0.95,"lower_bound":7907.941159604139,"upper_bound":26305.771332979202},"point_estimate":15123.631681501865,"standard_error":4873.39100219931},"slope":null,"std_dev":{"confidence_interval":{"confidence_level":0.95,"lower_bound":11174.152142782774,"upper_bound":24137.37144241287},"point_estimate":18760.957340954374,"standard_error":3359.6009138803124}}