{"mean":{"confidence_interval":{"confidence_level":0.95,"lower_bound":473474816.44874996,"upper_bound":474209415.6475},"point_estimate":473832157.75,"standard_error":188197.8777966476},"median":{"confidence_interval":{"confidence_level":0.95,"lower_bound":473281852.0,"upper_bound":474126465.0},"point_estimate":473705283.0,"standard_error":203329.5026009186},"median_abs_dev":{"confidence_interval":{"confidence_level":0.95,"lower_bound":363706.9777429104,"upper_bound":1351414.3389075994},"point_estimate":882138.0887389183,"standard_error":255075.53965913062},"slope":null,"std_dev":{"confidence_interval":{"confidence_level":0.95,"lower_bound":584650.076003084,"upper_bound":1058728.394740726},"point_estimate":864999.4463858815,"standard_error":121419.4710409931}}