{"mean":{"confidence_interval":{"confidence_level":0.95,"lower_bound":8610247.790772187,"upper_bound":9012083.05289728},"point_estimate":8805606.467710664,"standard_error":102577.64400998638},"median":{"confidence_interval":{"confidence_level":0.95,"lower_bound":8525849.959722223,"upper_bound":9051396.811904762},"point_estimate":8644427.16885965,"standard_error":123716.02300848078},"median_abs_dev":{"confidence_interval":{"confidence_level":0.95,"lower_bound":135929.45037156696,"upper_bound":693337.720414584},"point_estimate":317137.4538793343,"standard_error":156684.54056954372},"slope":{"confidence_interval":{"confidence_level":0.95,"lower_bound":8595654.779632162,"upper_bound":8866738.485423362},"point_estimate":8726060.214518003,"standard_error":69975.80222658561},"std_dev":{"confidence_interval":{"confidence_level":0.95,"lower_bound":317624.6835409246,"upper_bound":574611.5837629897},"point_estimate":470678.9991181908,"standard_error":65237.58283269775}}