{"mean":{"confidence_interval":{"confidence_level":0.95,"lower_bound":9963.55973447786,"upper_bound":10033.835834275866},"point_estimate":9998.683553792154,"standard_error":17.91426696177341},"median":{"confidence_interval":{"confidence_level":0.95,"lower_bound":9946.884890798425,"upper_bound":10053.373299319728},"point_estimate":9996.790353562477,"standard_error":27.22716016214825},"median_abs_dev":{"confidence_interval":{"confidence_level":0.95,"lower_bound":154.92295629718672,"upper_bound":233.2405434782003},"point_estimate":199.43072905843482,"standard_error":20.164445771499885},"slope":{"confidence_interval":{"confidence_level":0.95,"lower_bound":9928.391830962742,"upper_bound":10021.658454475248},"point_estimate":9974.604813606247,"standard_error":23.756922636919192},"std_dev":{"confidence_interval":{"confidence_level":0.95,"lower_bound":158.0144291244022,"upper_bound":199.3122043268889},"point_estimate":179.97350737946834,"standard_error":10.554101918066056}}