{"mean":{"confidence_interval":{"confidence_level":0.95,"lower_bound":120.96304512872861,"upper_bound":121.44224561189282},"point_estimate":121.20825515505165,"standard_error":0.12207579317823587},"median":{"confidence_interval":{"confidence_level":0.95,"lower_bound":121.25715191952652,"upper_bound":121.90089451488939},"point_estimate":121.72701927520865,"standard_error":0.17815700227489303},"median_abs_dev":{"confidence_interval":{"confidence_level":0.95,"lower_bound":0.5958143870316258,"upper_bound":1.2563988593494675},"point_estimate":0.8930551015493194,"standard_error":0.1654734873579027},"slope":{"confidence_interval":{"confidence_level":0.95,"lower_bound":120.41239916042505,"upper_bound":121.08993590258822},"point_estimate":120.74494246590044,"standard_error":0.17319331527987056},"std_dev":{"confidence_interval":{"confidence_level":0.95,"lower_bound":1.0350981426470187,"upper_bound":1.3912531868892535},"point_estimate":1.2300885828536063,"standard_error":0.09089175096917415}}