{"mean":{"confidence_interval":{"confidence_level":0.95,"lower_bound":5671.677239441191,"upper_bound":5674.4686885571955},"point_estimate":5672.92467399296,"standard_error":0.7144790321785479},"median":{"confidence_interval":{"confidence_level":0.95,"lower_bound":5671.467808097022,"upper_bound":5673.477979441333},"point_estimate":5672.310564127083,"standard_error":0.5156487551838029},"median_abs_dev":{"confidence_interval":{"confidence_level":0.95,"lower_bound":2.924336470985057,"upper_bound":4.833575408656881},"point_estimate":3.7267291766810464,"standard_error":0.4954853161243898},"slope":{"confidence_interval":{"confidence_level":0.95,"lower_bound":5671.874551067946,"upper_bound":5673.744116499642},"point_estimate":5672.791580057217,"standard_error":0.4762306354108004},"std_dev":{"confidence_interval":{"confidence_level":0.95,"lower_bound":4.083810488047461,"upper_bound":10.644215274921775},"point_estimate":7.179469889860885,"standard_error":1.9900226673791162}}