{"mean":{"confidence_interval":{"confidence_level":0.95,"lower_bound":530.975884922159,"upper_bound":534.7427514962387},"point_estimate":532.9610439621974,"standard_error":0.9606565078657113},"median":{"confidence_interval":{"confidence_level":0.95,"lower_bound":533.7415680224624,"upper_bound":536.8228892250163},"point_estimate":535.2300409148986,"standard_error":0.8364019092783503},"median_abs_dev":{"confidence_interval":{"confidence_level":0.95,"lower_bound":4.950238212069403,"upper_bound":8.825469239070392},"point_estimate":6.709825152865202,"standard_error":0.9827303244533162},"slope":{"confidence_interval":{"confidence_level":0.95,"lower_bound":533.7374121510535,"upper_bound":536.3464744854741},"point_estimate":535.1359315793246,"standard_error":0.6647739884537825},"std_dev":{"confidence_interval":{"confidence_level":0.95,"lower_bound":7.081692329500795,"upper_bound":12.430962174638047},"point_estimate":9.666709046041602,"standard_error":1.4126568198101372}}