{"mean":{"confidence_interval":{"confidence_level":0.95,"lower_bound":210841609.288125,"upper_bound":210972281.875},"point_estimate":210907436.75,"standard_error":33359.57824966003},"median":{"confidence_interval":{"confidence_level":0.95,"lower_bound":210861585.75,"upper_bound":210948091.5},"point_estimate":210900839.0,"standard_error":25699.301235220555},"median_abs_dev":{"confidence_interval":{"confidence_level":0.95,"lower_bound":47371.66370898485,"upper_bound":235230.42377382517},"point_estimate":111017.45667904615,"standard_error":52164.377258875946},"slope":null,"std_dev":{"confidence_interval":{"confidence_level":0.95,"lower_bound":98761.49568735024,"upper_bound":193191.84083361313},"point_estimate":152657.61271883285,"standard_error":24113.72740408615}}