{"mean":{"confidence_interval":{"confidence_level":0.95,"lower_bound":12690287.092500001,"upper_bound":12752652.854937501},"point_estimate":12723748.63,"standard_error":15889.595372259544},"median":{"confidence_interval":{"confidence_level":0.95,"lower_bound":12720660.0,"upper_bound":12778302.0},"point_estimate":12753437.5,"standard_error":13326.28316204974},"median_abs_dev":{"confidence_interval":{"confidence_level":0.95,"lower_bound":89592.77510941029,"upper_bound":145583.5337653756},"point_estimate":117393.74851584435,"standard_error":14465.560659617131},"slope":null,"std_dev":{"confidence_interval":{"confidence_level":0.95,"lower_bound":107771.22393592085,"upper_bound":217928.99290711395},"point_estimate":159706.13744907672,"standard_error":30883.895996499905}}