{"mean":{"confidence_interval":{"confidence_level":0.95,"lower_bound":12848524.784937501,"upper_bound":12855809.5688125},"point_estimate":12852147.5375,"standard_error":1857.685605054471},"median":{"confidence_interval":{"confidence_level":0.95,"lower_bound":12846501.25,"upper_bound":12857052.0},"point_estimate":12848988.75,"standard_error":3078.5177639486164},"median_abs_dev":{"confidence_interval":{"confidence_level":0.95,"lower_bound":16421.09198346734,"upper_bound":25039.074980467558},"point_estimate":21073.120050877333,"standard_error":2143.753405476015},"slope":null,"std_dev":{"confidence_interval":{"confidence_level":0.95,"lower_bound":16285.080412039672,"upper_bound":20970.544975756417},"point_estimate":18677.21555892538,"standard_error":1193.4249343303259}}