{"mean":{"confidence_interval":{"confidence_level":0.95,"lower_bound":25541.29323018332,"upper_bound":25558.802632951134},"point_estimate":25549.8653826751,"standard_error":4.4669151962611515},"median":{"confidence_interval":{"confidence_level":0.95,"lower_bound":25529.27670940171,"upper_bound":25538.488854337153},"point_estimate":25532.54178537512,"standard_error":2.3445697490637833},"median_abs_dev":{"confidence_interval":{"confidence_level":0.95,"lower_bound":17.584966226266285,"upper_bound":37.58416966699567},"point_estimate":26.143953923312637,"standard_error":5.0268786573884086},"slope":{"confidence_interval":{"confidence_level":0.95,"lower_bound":25541.275276806795,"upper_bound":25565.760723578034},"point_estimate":25553.109517757744,"standard_error":6.252975290808639},"std_dev":{"confidence_interval":{"confidence_level":0.95,"lower_bound":37.9523627389369,"upper_bound":51.08178384573053},"point_estimate":44.89311580093476,"standard_error":3.3520755379390756}}