{"mean":{"confidence_interval":{"confidence_level":0.95,"lower_bound":10364.081343293363,"upper_bound":10366.638868552634},"point_estimate":10365.347471953393,"standard_error":0.6530916075530265},"median":{"confidence_interval":{"confidence_level":0.95,"lower_bound":10363.405024509804,"upper_bound":10366.019625603865},"point_estimate":10364.8046875,"standard_error":0.7327928862643113},"median_abs_dev":{"confidence_interval":{"confidence_level":0.95,"lower_bound":4.566444257164047,"upper_bound":7.233485366181978},"point_estimate":6.134003836995156,"standard_error":0.682647721960317},"slope":{"confidence_interval":{"confidence_level":0.95,"lower_bound":10364.192833957539,"upper_bound":10366.750636808163},"point_estimate":10365.457970358602,"standard_error":0.6538286871849692},"std_dev":{"confidence_interval":{"confidence_level":0.95,"lower_bound":5.396454850129612,"upper_bound":7.671827189590964},"point_estimate":6.5499321083927935,"standard_error":0.5820105583932283}}