{"mean":{"confidence_interval":{"confidence_level":0.95,"lower_bound":22841054.382749993,"upper_bound":22853973.70591667},"point_estimate":22847539.18,"standard_error":3289.8277945772497},"median":{"confidence_interval":{"confidence_level":0.95,"lower_bound":22843277.333333332,"upper_bound":22855044.666666664},"point_estimate":22849794.333333336,"standard_error":3343.2799429361658},"median_abs_dev":{"confidence_interval":{"confidence_level":0.95,"lower_bound":23328.216385837688,"upper_bound":40725.04447698501},"point_estimate":31532.430440182852,"standard_error":4512.612346333892},"slope":null,"std_dev":{"confidence_interval":{"confidence_level":0.95,"lower_bound":28229.156553340257,"upper_bound":37257.840513071314},"point_estimate":32956.84265535981,"standard_error":2307.207076024419}}