{"mean":{"confidence_interval":{"confidence_level":0.95,"lower_bound":7.603505168435367,"upper_bound":7.624127545318716},"point_estimate":7.6136062778202405,"standard_error":0.0052746609829850515},"median":{"confidence_interval":{"confidence_level":0.95,"lower_bound":7.591330567077127,"upper_bound":7.615908619809872},"point_estimate":7.6053404091899,"standard_error":0.007175858256657666},"median_abs_dev":{"confidence_interval":{"confidence_level":0.95,"lower_bound":0.031784184949817454,"upper_bound":0.05824928882488201},"point_estimate":0.04832551122064459,"standard_error":0.007219456097468026},"slope":{"confidence_interval":{"confidence_level":0.95,"lower_bound":7.60119315901944,"upper_bound":7.620222797837316},"point_estimate":7.610451865414245,"standard_error":0.004856776859838814},"std_dev":{"confidence_interval":{"confidence_level":0.95,"lower_bound":0.04354620869031436,"upper_bound":0.06174632506282173},"point_estimate":0.052987038329629414,"standard_error":0.00465573608295373}}