{"mean":{"confidence_interval":{"confidence_level":0.95,"lower_bound":4657.877068016198,"upper_bound":4984.686690753847},"point_estimate":4814.792604901255,"standard_error":83.64835639702356},"median":{"confidence_interval":{"confidence_level":0.95,"lower_bound":4387.811845325502,"upper_bound":4418.009345434657},"point_estimate":4398.285373531571,"standard_error":6.911885777801369},"median_abs_dev":{"confidence_interval":{"confidence_level":0.95,"lower_bound":66.11893835512713,"upper_bound":141.00321343300882},"point_estimate":90.43342033663258,"standard_error":17.357531783238645},"slope":{"confidence_interval":{"confidence_level":0.95,"lower_bound":4447.66405782442,"upper_bound":4639.214572587155},"point_estimate":4531.022934791737,"standard_error":48.93296502640369},"std_dev":{"confidence_interval":{"confidence_level":0.95,"lower_bound":665.7147561728069,"upper_bound":979.7643251108109},"point_estimate":840.1382149887157,"standard_error":80.22327737478463}}