{"mean":{"confidence_interval":{"confidence_level":0.95,"lower_bound":24796.157662091347,"upper_bound":24990.268085362994},"point_estimate":24891.56073163262,"standard_error":49.43567483612543},"median":{"confidence_interval":{"confidence_level":0.95,"lower_bound":24881.725156199842,"upper_bound":25049.79705882353},"point_estimate":25018.887474012474,"standard_error":45.30230715859095},"median_abs_dev":{"confidence_interval":{"confidence_level":0.95,"lower_bound":234.46459813110528,"upper_bound":414.3569050400351},"point_estimate":307.62982166288003,"standard_error":45.475953446723814},"slope":{"confidence_interval":{"confidence_level":0.95,"lower_bound":24865.572704686478,"upper_bound":25011.39805864252},"point_estimate":24940.425876754838,"standard_error":37.169784907352856},"std_dev":{"confidence_interval":{"confidence_level":0.95,"lower_bound":348.74172305935883,"upper_bound":650.925616632731},"point_estimate":495.26097735221737,"standard_error":79.42726272990305}}