{"mean":{"confidence_interval":{"confidence_level":0.95,"lower_bound":65884148.68575,"upper_bound":65929806.01625},"point_estimate":65906156.3,"standard_error":11601.099285640783},"median":{"confidence_interval":{"confidence_level":0.95,"lower_bound":65864649.0,"upper_bound":65922753.0},"point_estimate":65890051.0,"standard_error":13149.332198830078},"median_abs_dev":{"confidence_interval":{"confidence_level":0.95,"lower_bound":73319.7577983141,"upper_bound":107495.91109156609},"point_estimate":92594.29875612259,"standard_error":8720.508031271871},"slope":null,"std_dev":{"confidence_interval":{"confidence_level":0.95,"lower_bound":88594.79907118077,"upper_bound":142355.76509865202},"point_estimate":116522.44254935042,"standard_error":13769.311037785277}}