{"mean":{"confidence_interval":{"confidence_level":0.95,"lower_bound":13690893.203875002,"upper_bound":13697459.7009375},"point_estimate":13694191.4525,"standard_error":1677.596016058858},"median":{"confidence_interval":{"confidence_level":0.95,"lower_bound":13688869.25,"upper_bound":13696645.0},"point_estimate":13694007.125,"standard_error":1935.0836485534248},"median_abs_dev":{"confidence_interval":{"confidence_level":0.95,"lower_bound":12825.601722300053,"upper_bound":23333.89968574047},"point_estimate":16624.949479848146,"standard_error":2695.8356894489602},"slope":null,"std_dev":{"confidence_interval":{"confidence_level":0.95,"lower_bound":14796.637095685366,"upper_bound":18712.59314914336},"point_estimate":16878.04666600125,"standard_error":998.6814040635884}}