{"mean":{"confidence_interval":{"confidence_level":0.95,"lower_bound":259369814.35925,"upper_bound":259835116.1295},"point_estimate":259592815.9,"standard_error":118266.34615741261},"median":{"confidence_interval":{"confidence_level":0.95,"lower_bound":259491779.0,"upper_bound":259825212.0},"point_estimate":259668692.5,"standard_error":90555.73684074685},"median_abs_dev":{"confidence_interval":{"confidence_level":0.95,"lower_bound":581377.8580784798,"upper_bound":937962.4811453372},"point_estimate":730897.3241239786,"standard_error":90553.42537080593},"slope":null,"std_dev":{"confidence_interval":{"confidence_level":0.95,"lower_bound":813890.6733824876,"upper_bound":1616979.025412021},"point_estimate":1187831.8051430618,"standard_error":221104.41893304046}}