{"mean":{"confidence_interval":{"confidence_level":0.95,"lower_bound":51088627049.588745,"upper_bound":51259168399.80375},"point_estimate":51172050365.95,"standard_error":43435541.70197056},"median":{"confidence_interval":{"confidence_level":0.95,"lower_bound":51100254684.5,"upper_bound":51255214357.0},"point_estimate":51148524763.5,"standard_error":42797114.274435274},"median_abs_dev":{"confidence_interval":{"confidence_level":0.95,"lower_bound":54056478.66990566,"upper_bound":284795053.7361771},"point_estimate":158177988.51487935,"standard_error":60843229.80226111},"slope":null,"std_dev":{"confidence_interval":{"confidence_level":0.95,"lower_bound":125910293.17813306,"upper_bound":253340119.6026722},"point_estimate":199983750.49054268,"standard_error":32703511.178400967}}