{"mean":{"confidence_interval":{"confidence_level":0.95,"lower_bound":11.501330124052158,"upper_bound":11.565388849681506},"point_estimate":11.529987451834847,"standard_error":0.015743642626652204},"median":{"confidence_interval":{"confidence_level":0.95,"lower_bound":11.491176588357852,"upper_bound":11.493085277658142},"point_estimate":11.492299880751506,"standard_error":0.00047246810426571344},"median_abs_dev":{"confidence_interval":{"confidence_level":0.95,"lower_bound":0.002535425593163933,"upper_bound":0.004429771493477302},"point_estimate":0.003362494501954554,"standard_error":0.00046929027230837965},"slope":{"confidence_interval":{"confidence_level":0.95,"lower_bound":11.497331682386392,"upper_bound":11.58633219291815},"point_estimate":11.535409885073772,"standard_error":0.02309688639454884},"std_dev":{"confidence_interval":{"confidence_level":0.95,"lower_bound":0.07314217844331208,"upper_bound":0.2174695249833861},"point_estimate":0.15846599358851743,"standard_error":0.03476574278779642}}