{"mean":{"confidence_interval":{"confidence_level":0.95,"lower_bound":27237.881980676135,"upper_bound":27309.009146282402},"point_estimate":27276.090890131858,"standard_error":18.30610100807023},"median":{"confidence_interval":{"confidence_level":0.95,"lower_bound":27310.850021073704,"upper_bound":27332.191190403886},"point_estimate":27320.656805896804,"standard_error":5.558180195561835},"median_abs_dev":{"confidence_interval":{"confidence_level":0.95,"lower_bound":27.219445316616067,"upper_bound":43.67419831393489},"point_estimate":34.08295771584651,"standard_error":4.45111420484473},"slope":{"confidence_interval":{"confidence_level":0.95,"lower_bound":27316.140315339315,"upper_bound":27334.433978648798},"point_estimate":27324.66194824646,"standard_error":4.661611474615279},"std_dev":{"confidence_interval":{"confidence_level":0.95,"lower_bound":115.12498802205504,"upper_bound":237.22469564429983},"point_estimate":184.22712230343643,"standard_error":31.286252906758357}}