{"mean":{"confidence_interval":{"confidence_level":0.95,"lower_bound":71376.21735196516,"upper_bound":72057.06746035228},"point_estimate":71716.94973718106,"standard_error":173.4546753993703},"median":{"confidence_interval":{"confidence_level":0.95,"lower_bound":71466.44727891157,"upper_bound":72208.1750736377},"point_estimate":71888.76175609004,"standard_error":173.96591658829442},"median_abs_dev":{"confidence_interval":{"confidence_level":0.95,"lower_bound":1211.1089837345376,"upper_bound":1882.3929758034596},"point_estimate":1671.34036819838,"standard_error":176.39365970463712},"slope":{"confidence_interval":{"confidence_level":0.95,"lower_bound":71903.53597754658,"upper_bound":72624.49293429917},"point_estimate":72258.94669446262,"standard_error":183.3234566615148},"std_dev":{"confidence_interval":{"confidence_level":0.95,"lower_bound":1392.2464875414034,"upper_bound":2076.386819152118},"point_estimate":1740.7527215995403,"standard_error":175.09936091595912}}