{"mean":{"confidence_interval":{"confidence_level":0.95,"lower_bound":160878.70115736188,"upper_bound":161367.69305043822},"point_estimate":161084.68447195503,"standard_error":127.53940248350035},"median":{"confidence_interval":{"confidence_level":0.95,"lower_bound":160851.6241941392,"upper_bound":160928.08866995072},"point_estimate":160885.0191014259,"standard_error":22.4164038019882},"median_abs_dev":{"confidence_interval":{"confidence_level":0.95,"lower_bound":160.4501186884293,"upper_bound":279.37616476732336},"point_estimate":203.93037379886383,"standard_error":31.347732701108928},"slope":{"confidence_interval":{"confidence_level":0.95,"lower_bound":160759.16017365252,"upper_bound":161165.5432808856},"point_estimate":160903.5085921172,"standard_error":112.03591078687074},"std_dev":{"confidence_interval":{"confidence_level":0.95,"lower_bound":231.21801999526838,"upper_bound":2042.173208889789},"point_estimate":1287.1390328266548,"standard_error":465.56406520503447}}