{"mean":{"confidence_interval":{"confidence_level":0.95,"lower_bound":20046592.503916677,"upper_bound":20109249.553916667},"point_estimate":20079679.000000007,"standard_error":15973.719118350153},"median":{"confidence_interval":{"confidence_level":0.95,"lower_bound":20076650.333333332,"upper_bound":20123570.5},"point_estimate":20096352.0,"standard_error":12413.272040995802},"median_abs_dev":{"confidence_interval":{"confidence_level":0.95,"lower_bound":56787.7796918163,"upper_bound":96895.07417976948},"point_estimate":74283.94198119456,"standard_error":10393.954472900063},"slope":null,"std_dev":{"confidence_interval":{"confidence_level":0.95,"lower_bound":99066.13606779951,"upper_bound":223981.1213966014},"point_estimate":160764.81873051956,"standard_error":33428.80388973506}}