{"mean":{"confidence_interval":{"confidence_level":0.95,"lower_bound":25208762.31475,"upper_bound":25242400.7445},"point_estimate":25224441.91,"standard_error":8585.830950724541},"median":{"confidence_interval":{"confidence_level":0.95,"lower_bound":25195277.5,"upper_bound":25212929.0},"point_estimate":25203877.75,"standard_error":4731.758312087315},"median_abs_dev":{"confidence_interval":{"confidence_level":0.95,"lower_bound":31952.623982727528,"upper_bound":51968.835577368736},"point_estimate":44555.09440898895,"standard_error":5299.297522681362},"slope":null,"std_dev":{"confidence_interval":{"confidence_level":0.95,"lower_bound":56265.066876837256,"upper_bound":111309.71193888981},"point_estimate":86136.95255270862,"standard_error":14057.59981413581}}