{"mean":{"confidence_interval":{"confidence_level":0.95,"lower_bound":1057.4115467089919,"upper_bound":1058.3493651536485},"point_estimate":1057.8696015481178,"standard_error":0.23945168908591422},"median":{"confidence_interval":{"confidence_level":0.95,"lower_bound":1056.5863205354576,"upper_bound":1057.7277376870502},"point_estimate":1057.0933786908572,"standard_error":0.35053040751365677},"median_abs_dev":{"confidence_interval":{"confidence_level":0.95,"lower_bound":1.4334155275797522,"upper_bound":2.8014633564838065},"point_estimate":1.99973440328113,"standard_error":0.3367977568063865},"slope":{"confidence_interval":{"confidence_level":0.95,"lower_bound":1057.0851094194538,"upper_bound":1057.921415938563},"point_estimate":1057.4889375286148,"standard_error":0.21268114258532148},"std_dev":{"confidence_interval":{"confidence_level":0.95,"lower_bound":2.025839148632294,"upper_bound":2.718567984965626},"point_estimate":2.4029843837404288,"standard_error":0.17707160733282257}}