{"mean":{"confidence_interval":{"confidence_level":0.95,"lower_bound":38752.24365463636,"upper_bound":39278.7070802364},"point_estimate":39000.24936516754,"standard_error":134.38189034041605},"median":{"confidence_interval":{"confidence_level":0.95,"lower_bound":38619.484321663884,"upper_bound":39191.530594405594},"point_estimate":38795.79006410256,"standard_error":124.25549000754187},"median_abs_dev":{"confidence_interval":{"confidence_level":0.95,"lower_bound":716.7319199566099,"upper_bound":1202.5080247176477},"point_estimate":890.2627871671822,"standard_error":118.31487837783114},"slope":{"confidence_interval":{"confidence_level":0.95,"lower_bound":38471.42324894375,"upper_bound":38842.250583850684},"point_estimate":38652.05438621819,"standard_error":94.61614384594114},"std_dev":{"confidence_interval":{"confidence_level":0.95,"lower_bound":930.482134436104,"upper_bound":1797.3229415820933},"point_estimate":1350.1107023818936,"standard_error":229.48810813750464}}