{"mean":{"confidence_interval":{"confidence_level":0.95,"lower_bound":9347.72956857837,"upper_bound":9409.450559015588},"point_estimate":9379.600539072377,"standard_error":15.761707002761804},"median":{"confidence_interval":{"confidence_level":0.95,"lower_bound":9373.219250801281,"upper_bound":9446.406468531468},"point_estimate":9411.826744588998,"standard_error":19.5990808047871},"median_abs_dev":{"confidence_interval":{"confidence_level":0.95,"lower_bound":104.28742999359774,"upper_bound":175.22999521439377},"point_estimate":128.80906201402894,"standard_error":17.36496125485965},"slope":{"confidence_interval":{"confidence_level":0.95,"lower_bound":9314.632128767636,"upper_bound":9375.684694335054},"point_estimate":9345.439776062565,"standard_error":15.548363564155942},"std_dev":{"confidence_interval":{"confidence_level":0.95,"lower_bound":127.12381386116242,"upper_bound":186.08206172041412},"point_estimate":158.32146353265063,"standard_error":15.021785204580723}}