{"mean":{"confidence_interval":{"confidence_level":0.95,"lower_bound":577563.6379760396,"upper_bound":577809.7373509745},"point_estimate":577683.9448145215,"standard_error":62.88107410251831},"median":{"confidence_interval":{"confidence_level":0.95,"lower_bound":577481.4803895963,"upper_bound":577793.165},"point_estimate":577563.6427477017,"standard_error":84.42757118833332},"median_abs_dev":{"confidence_interval":{"confidence_level":0.95,"lower_bound":388.29464427573885,"upper_bound":620.7188080134323},"point_estimate":496.4753876563967,"standard_error":56.80682492085142},"slope":{"confidence_interval":{"confidence_level":0.95,"lower_bound":577601.4267426056,"upper_bound":577810.3101317566},"point_estimate":577701.9719846313,"standard_error":53.18781306936505},"std_dev":{"confidence_interval":{"confidence_level":0.95,"lower_bound":500.63449014218804,"upper_bound":758.0986583268564},"point_estimate":632.2667901569235,"standard_error":66.08027381452406}}