{"mean":{"confidence_interval":{"confidence_level":0.95,"lower_bound":24631.373026283676,"upper_bound":24643.88071392937},"point_estimate":24637.551759123184,"standard_error":3.1979560050612954},"median":{"confidence_interval":{"confidence_level":0.95,"lower_bound":24625.986099266585,"upper_bound":24637.183785640675},"point_estimate":24632.42274390244,"standard_error":3.2401268625167563},"median_abs_dev":{"confidence_interval":{"confidence_level":0.95,"lower_bound":17.514833766803168,"upper_bound":32.12429095734075},"point_estimate":24.69132820822055,"standard_error":3.6921258009294777},"slope":{"confidence_interval":{"confidence_level":0.95,"lower_bound":24624.78954959163,"upper_bound":24641.557401888826},"point_estimate":24632.853524096496,"standard_error":4.284932864558811},"std_dev":{"confidence_interval":{"confidence_level":0.95,"lower_bound":26.753329151452732,"upper_bound":36.96626034858706},"point_estimate":32.140408179876566,"standard_error":2.615981592347797}}