{"mean":{"confidence_interval":{"confidence_level":0.95,"lower_bound":11.492513166308548,"upper_bound":11.511856451368924},"point_estimate":11.4993752483797,"standard_error":0.0058129044680913155},"median":{"confidence_interval":{"confidence_level":0.95,"lower_bound":11.490975877320242,"upper_bound":11.492779634180332},"point_estimate":11.491868370532323,"standard_error":0.0004957169831041748},"median_abs_dev":{"confidence_interval":{"confidence_level":0.95,"lower_bound":0.002560520476706586,"upper_bound":0.003987802417555718},"point_estimate":0.003093278519993309,"standard_error":0.0003590814667898969},"slope":{"confidence_interval":{"confidence_level":0.95,"lower_bound":11.492044159048639,"upper_bound":11.530837840496766},"point_estimate":11.504752444890352,"standard_error":0.011420335747205192},"std_dev":{"confidence_interval":{"confidence_level":0.95,"lower_bound":0.0049822006486396194,"upper_bound":0.10026956462715461},"point_estimate":0.05875093423501794,"standard_error":0.033504743250579797}}