{"mean":{"confidence_interval":{"confidence_level":0.95,"lower_bound":1577996.5493045873,"upper_bound":1588081.7520739231},"point_estimate":1583396.2282914666,"standard_error":2589.1611204785036},"median":{"confidence_interval":{"confidence_level":0.95,"lower_bound":1579802.103966346,"upper_bound":1591654.5520833335},"point_estimate":1586628.711231203,"standard_error":3404.025516603831},"median_abs_dev":{"confidence_interval":{"confidence_level":0.95,"lower_bound":3264.5412945429234,"upper_bound":15592.804360080481},"point_estimate":10050.043415819444,"standard_error":3163.150602805313},"slope":{"confidence_interval":{"confidence_level":0.95,"lower_bound":1577116.9969349345,"upper_bound":1585369.1357682485},"point_estimate":1581474.7155923345,"standard_error":2102.600905061941},"std_dev":{"confidence_interval":{"confidence_level":0.95,"lower_bound":6327.099056844671,"upper_bound":15747.54390988953},"point_estimate":11909.36550096506,"standard_error":2456.4408930453383}}