{"mean":{"confidence_interval":{"confidence_level":0.95,"lower_bound":64360.38296895901,"upper_bound":64743.875501646406},"point_estimate":64554.09017782691,"standard_error":98.06073369718189},"median":{"confidence_interval":{"confidence_level":0.95,"lower_bound":64483.06770833333,"upper_bound":64907.815110565105},"point_estimate":64686.54798387097,"standard_error":108.6892580016177},"median_abs_dev":{"confidence_interval":{"confidence_level":0.95,"lower_bound":701.1891113356505,"upper_bound":1170.856134783801},"point_estimate":1021.6635860089891,"standard_error":124.43446533830326},"slope":{"confidence_interval":{"confidence_level":0.95,"lower_bound":64155.50093654905,"upper_bound":64536.41445040731},"point_estimate":64346.16051148958,"standard_error":97.34638080344986},"std_dev":{"confidence_interval":{"confidence_level":0.95,"lower_bound":815.0948795457447,"upper_bound":1139.0410018167474},"point_estimate":983.2375638728189,"standard_error":82.83730207629105}}