{"mean":{"confidence_interval":{"confidence_level":0.95,"lower_bound":35725306.83175,"upper_bound":35745321.285124995},"point_estimate":35735140.06,"standard_error":5098.7011482225325},"median":{"confidence_interval":{"confidence_level":0.95,"lower_bound":35719923.75,"upper_bound":35744226.0},"point_estimate":35735800.0,"standard_error":5893.554575394583},"median_abs_dev":{"confidence_interval":{"confidence_level":0.95,"lower_bound":40107.294487953186,"upper_bound":64720.30730098486},"point_estimate":50115.5856102705,"standard_error":6066.103805457567},"slope":null,"std_dev":{"confidence_interval":{"confidence_level":0.95,"lower_bound":42279.06874499441,"upper_bound":60050.470405383},"point_estimate":51093.502993016395,"standard_error":4566.820471768623}}