{"mean":{"confidence_interval":{"confidence_level":0.95,"lower_bound":28907790.664,"upper_bound":29050503.120249998},"point_estimate":28980649.665,"standard_error":36245.389519654986},"median":{"confidence_interval":{"confidence_level":0.95,"lower_bound":28950631.75,"upper_bound":29145997.0},"point_estimate":29042613.75,"standard_error":46372.9702201131},"median_abs_dev":{"confidence_interval":{"confidence_level":0.95,"lower_bound":284569.4883816317,"upper_bound":470871.8983903527},"point_estimate":378425.11833161116,"standard_error":45608.65259130047},"slope":null,"std_dev":{"confidence_interval":{"confidence_level":0.95,"lower_bound":310348.65381505125,"upper_bound":409750.93231284333},"point_estimate":363215.29971262714,"standard_error":25475.29793450502}}