{"mean":{"confidence_interval":{"confidence_level":0.95,"lower_bound":7317.216945209555,"upper_bound":7360.157042443765},"point_estimate":7339.735520070166,"standard_error":10.918508873188886},"median":{"confidence_interval":{"confidence_level":0.95,"lower_bound":7344.957879392358,"upper_bound":7388.313066757804},"point_estimate":7368.588265173843,"standard_error":13.010213642315465},"median_abs_dev":{"confidence_interval":{"confidence_level":0.95,"lower_bound":59.89567014349277,"upper_bound":109.02747778282817},"point_estimate":83.90301584125072,"standard_error":12.51681761345929},"slope":{"confidence_interval":{"confidence_level":0.95,"lower_bound":7340.070260026237,"upper_bound":7380.118940001642},"point_estimate":7360.973407858349,"standard_error":10.25001865120968},"std_dev":{"confidence_interval":{"confidence_level":0.95,"lower_bound":81.1731176361667,"upper_bound":142.07127930774757},"point_estimate":109.82013208150778,"standard_error":16.52162465296334}}