{"mean":{"confidence_interval":{"confidence_level":0.95,"lower_bound":3609554.1239285716,"upper_bound":3615277.323857145},"point_estimate":3611650.851428573,"standard_error":1638.5186059109437},"median":{"confidence_interval":{"confidence_level":0.95,"lower_bound":3609150.7142857146,"upper_bound":3610343.714285714},"point_estimate":3609461.4642857146,"standard_error":347.47374405589096},"median_abs_dev":{"confidence_interval":{"confidence_level":0.95,"lower_bound":1757.9399687907212,"upper_bound":2716.4938017725945},"point_estimate":2181.698811267054,"standard_error":233.99671404991975},"slope":null,"std_dev":{"confidence_interval":{"confidence_level":0.95,"lower_bound":2434.681533185525,"upper_bound":28054.157001631196},"point_estimate":16554.28636611029,"standard_error":8820.902971950673}}