{"mean":{"confidence_interval":{"confidence_level":0.95,"lower_bound":9160948.241666665,"upper_bound":9166959.358166663},"point_estimate":9163992.959999997,"standard_error":1531.309691717206},"median":{"confidence_interval":{"confidence_level":0.95,"lower_bound":9166048.583333332,"upper_bound":9168773.833333332},"point_estimate":9167998.666666666,"standard_error":915.8707193643348},"median_abs_dev":{"confidence_interval":{"confidence_level":0.95,"lower_bound":9291.454035043716,"upper_bound":17063.36973581278},"point_estimate":13591.364608703663,"standard_error":2174.3995541660897},"slope":null,"std_dev":{"confidence_interval":{"confidence_level":0.95,"lower_bound":13452.598973826205,"upper_bound":16967.371673106114},"point_estimate":15389.932323395593,"standard_error":896.144371471811}}