{"mean":{"confidence_interval":{"confidence_level":0.95,"lower_bound":39794887.709375,"upper_bound":39876792.250250004},"point_estimate":39827036.54,"standard_error":21763.880698106917},"median":{"confidence_interval":{"confidence_level":0.95,"lower_bound":39790271.0,"upper_bound":39821723.5},"point_estimate":39804672.25,"standard_error":7515.735032406486},"median_abs_dev":{"confidence_interval":{"confidence_level":0.95,"lower_bound":53711.2611964345,"upper_bound":89258.46734784544},"point_estimate":73764.90844041109,"standard_error":8923.000948846975},"slope":null,"std_dev":{"confidence_interval":{"confidence_level":0.95,"lower_bound":60514.669296572385,"upper_bound":360662.3386662721},"point_estimate":218959.6433236098,"standard_error":97753.44455047409}}