{"mean":{"confidence_interval":{"confidence_level":0.95,"lower_bound":94775.87379539906,"upper_bound":95322.88871817585},"point_estimate":95057.79588818584,"standard_error":139.90503449233532},"median":{"confidence_interval":{"confidence_level":0.95,"lower_bound":95164.72529644269,"upper_bound":95553.55705996131},"point_estimate":95373.06785714286,"standard_error":99.5797480598426},"median_abs_dev":{"confidence_interval":{"confidence_level":0.95,"lower_bound":699.17452226163,"upper_bound":1261.2768315100855},"point_estimate":938.0073078925014,"standard_error":148.05897320437356},"slope":{"confidence_interval":{"confidence_level":0.95,"lower_bound":94733.93844378598,"upper_bound":95277.15995920154},"point_estimate":95013.87766863253,"standard_error":138.11206498029847},"std_dev":{"confidence_interval":{"confidence_level":0.95,"lower_bound":1155.4627829218211,"upper_bound":1607.9881856959726},"point_estimate":1401.4676958768414,"standard_error":115.6840527578185}}