{"mean":{"confidence_interval":{"confidence_level":0.95,"lower_bound":9027.831773778833,"upper_bound":9099.050938470155},"point_estimate":9063.516641551758,"standard_error":18.066919824153825},"median":{"confidence_interval":{"confidence_level":0.95,"lower_bound":9023.576363636364,"upper_bound":9109.692837465565},"point_estimate":9060.711918604651,"standard_error":19.307864986311202},"median_abs_dev":{"confidence_interval":{"confidence_level":0.95,"lower_bound":143.19050018564505,"upper_bound":251.02461020617983},"point_estimate":198.4315853627393,"standard_error":27.806300715566795},"slope":{"confidence_interval":{"confidence_level":0.95,"lower_bound":9055.709379322368,"upper_bound":9145.022251995522},"point_estimate":9100.676526834774,"standard_error":22.76607521368714},"std_dev":{"confidence_interval":{"confidence_level":0.95,"lower_bound":158.1201236480613,"upper_bound":201.01967447019868},"point_estimate":180.81291292576606,"standard_error":10.96730696960097}}