{"mean":{"confidence_interval":{"confidence_level":0.95,"lower_bound":3461058.2432500003,"upper_bound":3463423.4099666663},"point_estimate":3462075.4466666672,"standard_error":607.0182009798581},"median":{"confidence_interval":{"confidence_level":0.95,"lower_bound":3460684.4,"upper_bound":3462057.8},"point_estimate":3461097.7,"standard_error":369.57664992313954},"median_abs_dev":{"confidence_interval":{"confidence_level":0.95,"lower_bound":1976.948224902176,"upper_bound":3301.3547813893283},"point_estimate":2540.336214899695,"standard_error":330.19562339305804},"slope":null,"std_dev":{"confidence_interval":{"confidence_level":0.95,"lower_bound":2623.0154323706734,"upper_bound":9356.585772057027},"point_estimate":6087.833898705415,"standard_error":1930.3602438238947}}