{"mean":{"confidence_interval":{"confidence_level":0.95,"lower_bound":12731229.2566875,"upper_bound":12785976.2199375},"point_estimate":12759504.185,"standard_error":13963.185018036645},"median":{"confidence_interval":{"confidence_level":0.95,"lower_bound":12780151.0,"upper_bound":12836617.875},"point_estimate":12823654.375,"standard_error":14957.919619395714},"median_abs_dev":{"confidence_interval":{"confidence_level":0.95,"lower_bound":51894.89090368152,"upper_bound":120581.89443424344},"point_estimate":76656.34903907776,"standard_error":16745.056053712797},"slope":null,"std_dev":{"confidence_interval":{"confidence_level":0.95,"lower_bound":114104.42606383092,"upper_bound":161870.77208865635},"point_estimate":140229.598743704,"standard_error":12165.985903184115}}