{"mean":{"confidence_interval":{"confidence_level":0.95,"lower_bound":41.010938182612904,"upper_bound":41.19451514678958},"point_estimate":41.10315106723318,"standard_error":0.046947184917326405},"median":{"confidence_interval":{"confidence_level":0.95,"lower_bound":41.04444414786942,"upper_bound":41.25406250864447},"point_estimate":41.1274723439783,"standard_error":0.05485964088805096},"median_abs_dev":{"confidence_interval":{"confidence_level":0.95,"lower_bound":0.3125850798513285,"upper_bound":0.536544526060601},"point_estimate":0.4053110533852166,"standard_error":0.05776398097370535},"slope":{"confidence_interval":{"confidence_level":0.95,"lower_bound":40.824060467157835,"upper_bound":41.07295717014418},"point_estimate":40.94833850981057,"standard_error":0.06366332745394683},"std_dev":{"confidence_interval":{"confidence_level":0.95,"lower_bound":0.40369731130686753,"upper_bound":0.5312273825985734},"point_estimate":0.4716132111092427,"standard_error":0.032491003106782525}}