{"mean":{"confidence_interval":{"confidence_level":0.95,"lower_bound":30308.571265072107,"upper_bound":30317.2181001778},"point_estimate":30312.567115461177,"standard_error":2.218965983842758},"median":{"confidence_interval":{"confidence_level":0.95,"lower_bound":30306.473737373737,"upper_bound":30312.219025700037},"point_estimate":30309.478315174572,"standard_error":1.4991642768957092},"median_abs_dev":{"confidence_interval":{"confidence_level":0.95,"lower_bound":10.110648763320933,"upper_bound":15.79860111812464},"point_estimate":13.114832267164465,"standard_error":1.4814500868471927},"slope":{"confidence_interval":{"confidence_level":0.95,"lower_bound":30303.905037832505,"upper_bound":30319.884639540327},"point_estimate":30310.09048555602,"standard_error":4.262145054682089},"std_dev":{"confidence_interval":{"confidence_level":0.95,"lower_bound":13.970766885842966,"upper_bound":30.682072915447236},"point_estimate":22.240885749140126,"standard_error":4.4594017634335685}}