{"mean":{"confidence_interval":{"confidence_level":0.95,"lower_bound":7817.473436398604,"upper_bound":7861.032686505768},"point_estimate":7839.79972693225,"standard_error":11.11031771869433},"median":{"confidence_interval":{"confidence_level":0.95,"lower_bound":7817.889763779527,"upper_bound":7875.802010491156},"point_estimate":7845.228496437945,"standard_error":14.441044455056103},"median_abs_dev":{"confidence_interval":{"confidence_level":0.95,"lower_bound":74.02656314755885,"upper_bound":117.70063061440479},"point_estimate":92.8844297289246,"standard_error":11.138383403414387},"slope":{"confidence_interval":{"confidence_level":0.95,"lower_bound":7814.233557780454,"upper_bound":7850.369132853074},"point_estimate":7831.749977321624,"standard_error":9.245581579334583},"std_dev":{"confidence_interval":{"confidence_level":0.95,"lower_bound":88.9999862595618,"upper_bound":132.1811771921421},"point_estimate":111.493478655019,"standard_error":11.046907076132264}}