{"mean":{"confidence_interval":{"confidence_level":0.95,"lower_bound":66839095.13825,"upper_bound":66882199.25425},"point_estimate":66860225.62,"standard_error":10998.541806597137},"median":{"confidence_interval":{"confidence_level":0.95,"lower_bound":66823421.0,"upper_bound":66869574.5},"point_estimate":66842672.5,"standard_error":12855.666446849602},"median_abs_dev":{"confidence_interval":{"confidence_level":0.95,"lower_bound":70277.85183481888,"upper_bound":123509.47340726852},"point_estimate":86442.25016534328,"standard_error":13954.792897963895},"slope":null,"std_dev":{"confidence_interval":{"confidence_level":0.95,"lower_bound":91912.35734023753,"upper_bound":128206.65996241469},"point_estimate":110770.30336097495,"standard_error":9258.934783369115}}