{"mean":{"confidence_interval":{"confidence_level":0.95,"lower_bound":664.2394058320755,"upper_bound":674.2840323818955},"point_estimate":669.2341898316917,"standard_error":2.5559674307198033},"median":{"confidence_interval":{"confidence_level":0.95,"lower_bound":659.0008599412141,"upper_bound":674.5948379304857},"point_estimate":665.8637791225091,"standard_error":4.298825592305718},"median_abs_dev":{"confidence_interval":{"confidence_level":0.95,"lower_bound":22.088394285704908,"upper_bound":32.60072852247618},"point_estimate":28.848975490965685,"standard_error":2.5880825822843647},"slope":{"confidence_interval":{"confidence_level":0.95,"lower_bound":665.159599065332,"upper_bound":678.943891112252},"point_estimate":671.9149397407849,"standard_error":3.5238703787323535},"std_dev":{"confidence_interval":{"confidence_level":0.95,"lower_bound":22.494228838928088,"upper_bound":28.582028215635187},"point_estimate":25.735349196297644,"standard_error":1.5580470375834083}}