{"mean":{"confidence_interval":{"confidence_level":0.95,"lower_bound":322534.0408758556,"upper_bound":818115.7636915204},"point_estimate":537327.3038562868,"standard_error":127450.82722343347},"median":{"confidence_interval":{"confidence_level":0.95,"lower_bound":86530.15510204082,"upper_bound":254296.155},"point_estimate":163363.99281613907,"standard_error":36192.18986130706},"median_abs_dev":{"confidence_interval":{"confidence_level":0.95,"lower_bound":108911.06341947782,"upper_bound":321787.3746073892},"point_estimate":196226.48349162284,"standard_error":47795.95454439787},"slope":{"confidence_interval":{"confidence_level":0.95,"lower_bound":276186.85221885174,"upper_bound":1025276.3574241827},"point_estimate":586759.8218542929,"standard_error":194963.93300867893},"std_dev":{"confidence_interval":{"confidence_level":0.95,"lower_bound":483245.67696721124,"upper_bound":1947794.957173184},"point_estimate":1278107.6326657454,"standard_error":380280.63480948674}}