{"mean":{"confidence_interval":{"confidence_level":0.95,"lower_bound":163566.71404999655,"upper_bound":163685.8002704055},"point_estimate":163622.65316560355,"standard_error":30.34482092606959},"median":{"confidence_interval":{"confidence_level":0.95,"lower_bound":163538.18760262727,"upper_bound":163643.5189504373},"point_estimate":163591.75915602013,"standard_error":22.751979850219076},"median_abs_dev":{"confidence_interval":{"confidence_level":0.95,"lower_bound":147.36052622998113,"upper_bound":245.91729215585278},"point_estimate":193.68929695348078,"standard_error":24.894769352013686},"slope":{"confidence_interval":{"confidence_level":0.95,"lower_bound":163596.4309543484,"upper_bound":163678.5533853705},"point_estimate":163637.32213895163,"standard_error":20.932895559943095},"std_dev":{"confidence_interval":{"confidence_level":0.95,"lower_bound":198.72946088008197,"upper_bound":396.1690138284696},"point_estimate":304.7592696610034,"standard_error":49.97413111372725}}