{"mean":{"confidence_interval":{"confidence_level":0.95,"lower_bound":402.1702003117871,"upper_bound":488.3785405354273},"point_estimate":444.3581293433822,"standard_error":22.016319712117614},"median":{"confidence_interval":{"confidence_level":0.95,"lower_bound":382.0898947701097,"upper_bound":450.932645730301},"point_estimate":388.2350228292478,"standard_error":18.78800056271884},"median_abs_dev":{"confidence_interval":{"confidence_level":0.95,"lower_bound":106.86054125834127,"upper_bound":299.383114484104},"point_estimate":200.39851231420033,"standard_error":45.916504795841895},"slope":{"confidence_interval":{"confidence_level":0.95,"lower_bound":381.6060921288639,"upper_bound":498.42546750787113},"point_estimate":438.618287129547,"standard_error":29.9211848014994},"std_dev":{"confidence_interval":{"confidence_level":0.95,"lower_bound":188.41558111077714,"upper_bound":249.56696665111878},"point_estimate":220.55818356132332,"standard_error":15.580582740555524}}