{"mean":{"confidence_interval":{"confidence_level":0.95,"lower_bound":5016.747696779861,"upper_bound":5020.636251691146},"point_estimate":5018.549632589656,"standard_error":0.993633902451646},"median":{"confidence_interval":{"confidence_level":0.95,"lower_bound":5014.368605408928,"upper_bound":5018.594276094276},"point_estimate":5016.267698407943,"standard_error":0.9692570971161573},"median_abs_dev":{"confidence_interval":{"confidence_level":0.95,"lower_bound":4.9922261459384885,"upper_bound":7.771449024239661},"point_estimate":6.643168481851103,"standard_error":0.7354546422094231},"slope":{"confidence_interval":{"confidence_level":0.95,"lower_bound":5014.364699055222,"upper_bound":5019.275351454429},"point_estimate":5016.487358437336,"standard_error":1.2595361453429563},"std_dev":{"confidence_interval":{"confidence_level":0.95,"lower_bound":6.066240214014893,"upper_bound":13.687850719069619},"point_estimate":10.062980627491962,"standard_error":1.9652853478563022}}