{"mean":{"confidence_interval":{"confidence_level":0.95,"lower_bound":44321485.47475,"upper_bound":47143868.98849999},"point_estimate":45672211.16,"standard_error":723392.1036055825},"median":{"confidence_interval":{"confidence_level":0.95,"lower_bound":42961274.4,"upper_bound":47997899.0},"point_estimate":44337731.3,"standard_error":1508377.0717168376},"median_abs_dev":{"confidence_interval":{"confidence_level":0.95,"lower_bound":921441.2210011394,"upper_bound":5441272.520458104},"point_estimate":2977819.245293137,"standard_error":1222282.6406691326},"slope":null,"std_dev":{"confidence_interval":{"confidence_level":0.95,"lower_bound":2270894.1961148134,"upper_bound":4119784.193327059},"point_estimate":3315839.0197774977,"standard_error":484278.3482167406}}