{"mean":{"confidence_interval":{"confidence_level":0.95,"lower_bound":1578159003.2862499,"upper_bound":1581742126.15625},"point_estimate":1579953780.75,"standard_error":915437.4395367494},"median":{"confidence_interval":{"confidence_level":0.95,"lower_bound":1578252591.5,"upper_bound":1582621912.0},"point_estimate":1579791855.0,"standard_error":1183065.5258979404},"median_abs_dev":{"confidence_interval":{"confidence_level":0.95,"lower_bound":1984455.6169688702,"upper_bound":7319984.511244297},"point_estimate":4967522.376608849,"standard_error":1391946.7576165458},"slope":null,"std_dev":{"confidence_interval":{"confidence_level":0.95,"lower_bound":3035168.696481711,"upper_bound":4993122.224759392},"point_estimate":4199739.98322307,"standard_error":498010.5806523021}}