{"mean":{"confidence_interval":{"confidence_level":0.95,"lower_bound":3527632.041266668,"upper_bound":3540023.8876833334},"point_estimate":3533892.1666666656,"standard_error":3171.948928014538},"median":{"confidence_interval":{"confidence_level":0.95,"lower_bound":3527265.8333333335,"upper_bound":3544244.2666666666},"point_estimate":3536026.966666667,"standard_error":4359.081802409268},"median_abs_dev":{"confidence_interval":{"confidence_level":0.95,"lower_bound":23970.47869443898,"upper_bound":42029.9301338193},"point_estimate":31735.10185658913,"standard_error":4669.576821545394},"slope":null,"std_dev":{"confidence_interval":{"confidence_level":0.95,"lower_bound":27476.047363351885,"upper_bound":35751.63836649128},"point_estimate":31878.52416028521,"standard_error":2120.2495338084395}}