{"mean":{"confidence_interval":{"confidence_level":0.95,"lower_bound":9148.236857604445,"upper_bound":9269.706231986816},"point_estimate":9209.77198508496,"standard_error":30.930813244891773},"median":{"confidence_interval":{"confidence_level":0.95,"lower_bound":9140.367509848642,"upper_bound":9285.572911051213},"point_estimate":9180.389850495681,"standard_error":39.94272652341034},"median_abs_dev":{"confidence_interval":{"confidence_level":0.95,"lower_bound":182.26149304102688,"upper_bound":299.83181868014816},"point_estimate":248.55163265778035,"standard_error":28.598036434727963},"slope":{"confidence_interval":{"confidence_level":0.95,"lower_bound":9170.107773777096,"upper_bound":9316.881961899093},"point_estimate":9244.957459173402,"standard_error":37.452906721683284},"std_dev":{"confidence_interval":{"confidence_level":0.95,"lower_bound":256.89319672657865,"upper_bound":360.4263081855137},"point_estimate":311.3765327601111,"standard_error":26.417552711707117}}