{"mean":{"confidence_interval":{"confidence_level":0.95,"lower_bound":16874.329343616,"upper_bound":16909.57249693902},"point_estimate":16891.515638689587,"standard_error":9.001947421030117},"median":{"confidence_interval":{"confidence_level":0.95,"lower_bound":16861.705708121764,"upper_bound":16894.231124807397},"point_estimate":16880.294526257294,"standard_error":8.495554476202386},"median_abs_dev":{"confidence_interval":{"confidence_level":0.95,"lower_bound":58.40183844499558,"upper_bound":95.09198483262142},"point_estimate":80.44262753496758,"standard_error":9.706915426912474},"slope":{"confidence_interval":{"confidence_level":0.95,"lower_bound":16849.640479733913,"upper_bound":16883.014601058632},"point_estimate":16865.863089770144,"standard_error":8.527766876495258},"std_dev":{"confidence_interval":{"confidence_level":0.95,"lower_bound":73.02429618240728,"upper_bound":107.1868577433617},"point_estimate":90.49052683208193,"standard_error":8.795409987565314}}