{"mean":{"confidence_interval":{"confidence_level":0.95,"lower_bound":1261.3156976678301,"upper_bound":1266.9498755819093},"point_estimate":1264.1997682871556,"standard_error":1.4407864167554978},"median":{"confidence_interval":{"confidence_level":0.95,"lower_bound":1265.5145276269398,"upper_bound":1271.4703656998738},"point_estimate":1268.5235691934054,"standard_error":1.5511121042715235},"median_abs_dev":{"confidence_interval":{"confidence_level":0.95,"lower_bound":8.753839538744664,"upper_bound":15.94345589519263},"point_estimate":12.318887589478559,"standard_error":1.8279374393280186},"slope":{"confidence_interval":{"confidence_level":0.95,"lower_bound":1255.804346849414,"upper_bound":1263.7478009466874},"point_estimate":1259.839276896578,"standard_error":2.0351199180362056},"std_dev":{"confidence_interval":{"confidence_level":0.95,"lower_bound":12.36705515505841,"upper_bound":16.319390308556258},"point_estimate":14.533237595196013,"standard_error":1.0066992928530387}}