{"mean":{"confidence_interval":{"confidence_level":0.95,"lower_bound":7723.2597153952765,"upper_bound":7839.451122572385},"point_estimate":7782.304218164596,"standard_error":29.636353970191852},"median":{"confidence_interval":{"confidence_level":0.95,"lower_bound":7736.46484375,"upper_bound":7838.432640459016},"point_estimate":7791.547965116279,"standard_error":27.133648987958072},"median_abs_dev":{"confidence_interval":{"confidence_level":0.95,"lower_bound":178.93846391680717,"upper_bound":305.0275806071417},"point_estimate":238.71453668290752,"standard_error":33.345620668121136},"slope":{"confidence_interval":{"confidence_level":0.95,"lower_bound":7770.224540074652,"upper_bound":7891.4748127742205},"point_estimate":7830.029749935348,"standard_error":30.922126729018512},"std_dev":{"confidence_interval":{"confidence_level":0.95,"lower_bound":236.39866957220693,"upper_bound":360.50089214033426},"point_estimate":299.13525638815514,"standard_error":31.88741363386783}}