{"mean":{"confidence_interval":{"confidence_level":0.95,"lower_bound":2774.2591118506994,"upper_bound":2775.3857259192923},"point_estimate":2774.8185623985187,"standard_error":0.2864150070663256},"median":{"confidence_interval":{"confidence_level":0.95,"lower_bound":2774.422855628738,"upper_bound":2775.1589835934374},"point_estimate":2774.8056906973316,"standard_error":0.2178274579487222},"median_abs_dev":{"confidence_interval":{"confidence_level":0.95,"lower_bound":1.16975323314124,"upper_bound":2.1327780113523658},"point_estimate":1.6361816500633541,"standard_error":0.24686325962672967},"slope":{"confidence_interval":{"confidence_level":0.95,"lower_bound":2773.7940460944765,"upper_bound":2775.1312151992624},"point_estimate":2774.4639059383176,"standard_error":0.3402809099595195},"std_dev":{"confidence_interval":{"confidence_level":0.95,"lower_bound":2.268262455694996,"upper_bound":3.4306686745068573},"point_estimate":2.878685864853067,"standard_error":0.29752949058814887}}