{"mean":{"confidence_interval":{"confidence_level":0.95,"lower_bound":333.4938806271566,"upper_bound":335.42751417606},"point_estimate":334.4799522175906,"standard_error":0.49366148725813197},"median":{"confidence_interval":{"confidence_level":0.95,"lower_bound":333.4879267443018,"upper_bound":336.48104906937397},"point_estimate":335.42532619484774,"standard_error":0.6462505869177307},"median_abs_dev":{"confidence_interval":{"confidence_level":0.95,"lower_bound":4.037043851758987,"upper_bound":6.074081053629371},"point_estimate":4.9771427113597175,"standard_error":0.5010008978330298},"slope":{"confidence_interval":{"confidence_level":0.95,"lower_bound":333.52353210077575,"upper_bound":335.7115553065265},"point_estimate":334.664290987141,"standard_error":0.5586643146291926},"std_dev":{"confidence_interval":{"confidence_level":0.95,"lower_bound":4.172892978562984,"upper_bound":5.686436211303601},"point_estimate":4.969278535918015,"standard_error":0.3875273776481841}}