{"mean":{"confidence_interval":{"confidence_level":0.95,"lower_bound":5894538.1635,"upper_bound":5919685.735888889},"point_estimate":5907448.823333334,"standard_error":6411.250342650648},"median":{"confidence_interval":{"confidence_level":0.95,"lower_bound":5908177.555555556,"upper_bound":5932946.111111111},"point_estimate":5927029.111111111,"standard_error":6618.227143128157},"median_abs_dev":{"confidence_interval":{"confidence_level":0.95,"lower_bound":41614.769194523804,"upper_bound":71911.57816581485},"point_estimate":56400.656365354545,"standard_error":7747.581387343614},"slope":null,"std_dev":{"confidence_interval":{"confidence_level":0.95,"lower_bound":54076.70078480069,"upper_bound":73355.50151161391},"point_estimate":64503.43292374268,"standard_error":4934.82043799536}}