{"mean":{"confidence_interval":{"confidence_level":0.95,"lower_bound":2192.9687128570267,"upper_bound":2211.541606867627},"point_estimate":2202.019644815622,"standard_error":4.733564281598512},"median":{"confidence_interval":{"confidence_level":0.95,"lower_bound":2168.9479166666665,"upper_bound":2200.2095055690215},"point_estimate":2186.940387989204,"standard_error":9.617474313120741},"median_abs_dev":{"confidence_interval":{"confidence_level":0.95,"lower_bound":7.426067621662565,"upper_bound":47.42412717715948},"point_estimate":29.20054808040868,"standard_error":11.597704366731032},"slope":{"confidence_interval":{"confidence_level":0.95,"lower_bound":2187.1067763584906,"upper_bound":2209.2667040621595},"point_estimate":2197.3741361911134,"standard_error":5.690925008922152},"std_dev":{"confidence_interval":{"confidence_level":0.95,"lower_bound":38.83114561860482,"upper_bound":54.58435551701122},"point_estimate":47.58915659045636,"standard_error":4.025348110429656}}