{"mean":{"confidence_interval":{"confidence_level":0.95,"lower_bound":12855527.0414375,"upper_bound":12874680.9490625},"point_estimate":12862903.6025,"standard_error":5171.317908628302},"median":{"confidence_interval":{"confidence_level":0.95,"lower_bound":12852963.875,"upper_bound":12863002.25},"point_estimate":12857826.75,"standard_error":2769.734116236132},"median_abs_dev":{"confidence_interval":{"confidence_level":0.95,"lower_bound":13159.001391381025,"upper_bound":19923.734421283007},"point_estimate":17014.131972938776,"standard_error":1740.4700194064567},"slope":null,"std_dev":{"confidence_interval":{"confidence_level":0.95,"lower_bound":14714.99678101649,"upper_bound":86235.48910523807},"point_estimate":51846.337579735926,"standard_error":24534.954612387362}}