{"mean":{"confidence_interval":{"confidence_level":0.95,"lower_bound":12712154.73725,"upper_bound":12783201.632062498},"point_estimate":12748877.78,"standard_error":18138.096704349602},"median":{"confidence_interval":{"confidence_level":0.95,"lower_bound":12762763.5,"upper_bound":12831343.5},"point_estimate":12787127.625,"standard_error":14923.542520649065},"median_abs_dev":{"confidence_interval":{"confidence_level":0.95,"lower_bound":96931.09363725418,"upper_bound":187451.78637206554},"point_estimate":152404.23494428396,"standard_error":23956.733389264795},"slope":null,"std_dev":{"confidence_interval":{"confidence_level":0.95,"lower_bound":144933.07437532142,"upper_bound":214518.83049125076},"point_estimate":182081.72546966153,"standard_error":17745.277570309347}}