{"mean":{"confidence_interval":{"confidence_level":0.95,"lower_bound":36367.39629351661,"upper_bound":36615.01262589062},"point_estimate":36493.63346319878,"standard_error":63.26144289623087},"median":{"confidence_interval":{"confidence_level":0.95,"lower_bound":36519.68198762063,"upper_bound":36700.65576592083},"point_estimate":36627.476166409964,"standard_error":49.289074552560834},"median_abs_dev":{"confidence_interval":{"confidence_level":0.95,"lower_bound":281.32513051792927,"upper_bound":541.4764009455718},"point_estimate":405.44908580183665,"standard_error":64.76816606239092},"slope":{"confidence_interval":{"confidence_level":0.95,"lower_bound":36405.10456796484,"upper_bound":36619.625770952756},"point_estimate":36519.00942726256,"standard_error":54.847440484103196},"std_dev":{"confidence_interval":{"confidence_level":0.95,"lower_bound":473.14720173514866,"upper_bound":786.4267935739065},"point_estimate":637.0703146095238,"standard_error":80.0357503324613}}