{"mean":{"confidence_interval":{"confidence_level":0.95,"lower_bound":34711.37003395936,"upper_bound":34896.42444965924},"point_estimate":34806.689255452824,"standard_error":47.17512795152636},"median":{"confidence_interval":{"confidence_level":0.95,"lower_bound":34791.13716475096,"upper_bound":35033.4540229885},"point_estimate":34904.22459165154,"standard_error":63.464215630162265},"median_abs_dev":{"confidence_interval":{"confidence_level":0.95,"lower_bound":285.81028010981714,"upper_bound":453.6856455135393},"point_estimate":359.3783899429003,"standard_error":42.98871425834902},"slope":{"confidence_interval":{"confidence_level":0.95,"lower_bound":34603.66135749545,"upper_bound":34856.890568655515},"point_estimate":34731.54848672309,"standard_error":64.7245334151737},"std_dev":{"confidence_interval":{"confidence_level":0.95,"lower_bound":384.9170784259676,"upper_bound":553.6144961188547},"point_estimate":474.89863144862807,"standard_error":42.895748137673294}}