{"mean":{"confidence_interval":{"confidence_level":0.95,"lower_bound":1457.0295293146548,"upper_bound":1457.591096419458},"point_estimate":1457.303126521971,"standard_error":0.14341928368159895},"median":{"confidence_interval":{"confidence_level":0.95,"lower_bound":1456.886430678466,"upper_bound":1457.3302343309801},"point_estimate":1457.0848922463965,"standard_error":0.11254263297291633},"median_abs_dev":{"confidence_interval":{"confidence_level":0.95,"lower_bound":0.6153680200485859,"upper_bound":0.9398414372529058},"point_estimate":0.8325623764048857,"standard_error":0.08622745660701342},"slope":{"confidence_interval":{"confidence_level":0.95,"lower_bound":1456.9936129367456,"upper_bound":1457.4192022999582},"point_estimate":1457.1836996869679,"standard_error":0.10901078295980911},"std_dev":{"confidence_interval":{"confidence_level":0.95,"lower_bound":1.0121608379380385,"upper_bound":1.832619455220592},"point_estimate":1.445570066290866,"standard_error":0.20902343202124005}}