{"mean":{"confidence_interval":{"confidence_level":0.95,"lower_bound":2035.002209324154,"upper_bound":2042.9941424860347},"point_estimate":2037.9211490526723,"standard_error":2.3048938780148234},"median":{"confidence_interval":{"confidence_level":0.95,"lower_bound":2033.3452816348135,"upper_bound":2034.2544752046651},"point_estimate":2033.7972859246793,"standard_error":0.22298636212543807},"median_abs_dev":{"confidence_interval":{"confidence_level":0.95,"lower_bound":1.3033863651762967,"upper_bound":2.743999386986868},"point_estimate":1.8944982169164761,"standard_error":0.36742842572051865},"slope":{"confidence_interval":{"confidence_level":0.95,"lower_bound":2034.0059145789385,"upper_bound":2035.575592023282},"point_estimate":2034.7527340047745,"standard_error":0.40100235204480617},"std_dev":{"confidence_interval":{"confidence_level":0.95,"lower_bound":3.7652115370107127,"upper_bound":39.34781522839876},"point_estimate":23.19348354985555,"standard_error":12.522600936273454}}