{"mean":{"confidence_interval":{"confidence_level":0.95,"lower_bound":95048.35458556276,"upper_bound":95551.89090049975},"point_estimate":95307.1879176743,"standard_error":128.5277815402433},"median":{"confidence_interval":{"confidence_level":0.95,"lower_bound":95288.77749523203,"upper_bound":95845.95681818182},"point_estimate":95529.59940727982,"standard_error":171.47479752581498},"median_abs_dev":{"confidence_interval":{"confidence_level":0.95,"lower_bound":942.0569449678094,"upper_bound":1580.4820114367471},"point_estimate":1286.9607761249572,"standard_error":160.9702623468932},"slope":{"confidence_interval":{"confidence_level":0.95,"lower_bound":94621.51492850795,"upper_bound":95227.72944953523},"point_estimate":94936.2080089203,"standard_error":154.73573289039035},"std_dev":{"confidence_interval":{"confidence_level":0.95,"lower_bound":1002.6450991255178,"upper_bound":1580.5126138948076},"point_estimate":1291.3030169143874,"standard_error":149.6426757490134}}