{"mean":{"confidence_interval":{"confidence_level":0.95,"lower_bound":104766711.19975,"upper_bound":104846127.2655},"point_estimate":104806048.09,"standard_error":20281.108503405547},"median":{"confidence_interval":{"confidence_level":0.95,"lower_bound":104750732.0,"upper_bound":104846037.0},"point_estimate":104794184.5,"standard_error":27393.297092113815},"median_abs_dev":{"confidence_interval":{"confidence_level":0.95,"lower_bound":155833.11803340912,"upper_bound":263255.6404262781},"point_estimate":232489.46707248688,"standard_error":26953.253287184918},"slope":null,"std_dev":{"confidence_interval":{"confidence_level":0.95,"lower_bound":175602.66636311787,"upper_bound":229147.83731786502},"point_estimate":203567.866103472,"standard_error":13717.912252809738}}