{"mean":{"confidence_interval":{"confidence_level":0.95,"lower_bound":3819.30082147656,"upper_bound":3989.2972719113172},"point_estimate":3903.3754783513896,"standard_error":43.36606461720582},"median":{"confidence_interval":{"confidence_level":0.95,"lower_bound":3559.583054467782,"upper_bound":4283.661006289308},"point_estimate":3616.4451114922813,"standard_error":124.30971590567384},"median_abs_dev":{"confidence_interval":{"confidence_level":0.95,"lower_bound":98.80791089841716,"upper_bound":605.9330495029454},"point_estimate":188.3641546258003,"standard_error":99.2205495692626},"slope":{"confidence_interval":{"confidence_level":0.95,"lower_bound":3834.1865907344136,"upper_bound":4061.114846753089},"point_estimate":3947.8411560542145,"standard_error":58.08728348074974},"std_dev":{"confidence_interval":{"confidence_level":0.95,"lower_bound":404.38791252601754,"upper_bound":458.03370552590883},"point_estimate":435.55234187144026,"standard_error":13.524000432688856}}