{"mean":{"confidence_interval":{"confidence_level":0.95,"lower_bound":1370.810796187608,"upper_bound":1376.149118633782},"point_estimate":1373.5878914048487,"standard_error":1.3607604290640476},"median":{"confidence_interval":{"confidence_level":0.95,"lower_bound":1372.1861348611897,"upper_bound":1379.378744145199},"point_estimate":1377.4229599826735,"standard_error":1.8609534060521318},"median_abs_dev":{"confidence_interval":{"confidence_level":0.95,"lower_bound":8.51116654040177,"upper_bound":14.373844964732081},"point_estimate":12.189942468286423,"standard_error":1.3612610679100188},"slope":{"confidence_interval":{"confidence_level":0.95,"lower_bound":1368.873134984812,"upper_bound":1375.0464675610745},"point_estimate":1372.0522750353089,"standard_error":1.5750828401923618},"std_dev":{"confidence_interval":{"confidence_level":0.95,"lower_bound":10.59646599895744,"upper_bound":16.686996178391624},"point_estimate":13.627684597043583,"standard_error":1.5726548920491945}}