{"mean":{"confidence_interval":{"confidence_level":0.95,"lower_bound":40973725.481625,"upper_bound":41103636.729375},"point_estimate":41040905.595,"standard_error":33116.14404972733},"median":{"confidence_interval":{"confidence_level":0.95,"lower_bound":41028289.75,"upper_bound":41164299.75},"point_estimate":41097544.75,"standard_error":33656.67017777337},"median_abs_dev":{"confidence_interval":{"confidence_level":0.95,"lower_bound":227744.77650672197,"upper_bound":368601.78155601025},"point_estimate":301138.66430372,"standard_error":36153.48318798254},"slope":null,"std_dev":{"confidence_interval":{"confidence_level":0.95,"lower_bound":255522.10450234657,"upper_bound":407912.89092568704},"point_estimate":333703.2840458017,"standard_error":39148.76661318349}}