{"mean":{"confidence_interval":{"confidence_level":0.95,"lower_bound":1829.2655532888282,"upper_bound":1842.5263825332268},"point_estimate":1836.0864417176147,"standard_error":3.38562596686199},"median":{"confidence_interval":{"confidence_level":0.95,"lower_bound":1834.76401208718,"upper_bound":1852.540758075382},"point_estimate":1843.8158991936884,"standard_error":4.098529144541624},"median_abs_dev":{"confidence_interval":{"confidence_level":0.95,"lower_bound":21.85225414879643,"upper_bound":40.14733229434334},"point_estimate":28.48201998433895,"standard_error":4.906758144159914},"slope":{"confidence_interval":{"confidence_level":0.95,"lower_bound":1812.6430990408835,"upper_bound":1828.706255677904},"point_estimate":1820.5527489884828,"standard_error":4.088582976602687},"std_dev":{"confidence_interval":{"confidence_level":0.95,"lower_bound":28.205800745718463,"upper_bound":39.21854509039805},"point_estimate":33.99476271384549,"standard_error":2.812958785739005}}