{"mean":{"confidence_interval":{"confidence_level":0.95,"lower_bound":291999.4347355078,"upper_bound":293124.75526007963},"point_estimate":292556.91620132123,"standard_error":286.76763637153493},"median":{"confidence_interval":{"confidence_level":0.95,"lower_bound":291885.50471698114,"upper_bound":293475.48269020254},"point_estimate":292789.04070895526,"standard_error":430.9378961038378},"median_abs_dev":{"confidence_interval":{"confidence_level":0.95,"lower_bound":1980.5708137961917,"upper_bound":3267.6368062069237},"point_estimate":2631.3045871643067,"standard_error":326.96200504827044},"slope":{"confidence_interval":{"confidence_level":0.95,"lower_bound":290276.70609154913,"upper_bound":291679.37914337113},"point_estimate":290971.2856036648,"standard_error":358.6862057832563},"std_dev":{"confidence_interval":{"confidence_level":0.95,"lower_bound":2378.5421666437296,"upper_bound":3384.604494829425},"point_estimate":2881.916132543376,"standard_error":257.83675644677686}}