{"mean":{"confidence_interval":{"confidence_level":0.95,"lower_bound":2247910.9314239128,"upper_bound":2248491.5396956517},"point_estimate":2248195.862608695,"standard_error":148.48624163776003},"median":{"confidence_interval":{"confidence_level":0.95,"lower_bound":2247938.304347826,"upper_bound":2248321.0},"point_estimate":2248153.565217391,"standard_error":108.98489115022825},"median_abs_dev":{"confidence_interval":{"confidence_level":0.95,"lower_bound":1221.565687008451,"upper_bound":1904.979814006385},"point_estimate":1627.7336189281436,"standard_error":175.5726253975248},"slope":null,"std_dev":{"confidence_interval":{"confidence_level":0.95,"lower_bound":1220.4047799199532,"upper_bound":1788.5132889995843},"point_estimate":1494.403582463062,"standard_error":147.08463251999814}}