{"mean":{"confidence_interval":{"confidence_level":0.95,"lower_bound":3456469.6490833326,"upper_bound":3473685.7344999993},"point_estimate":3465243.412000001,"standard_error":4394.8290677481955},"median":{"confidence_interval":{"confidence_level":0.95,"lower_bound":3458174.6666666665,"upper_bound":3482122.866666666},"point_estimate":3471358.7666666666,"standard_error":6214.678669205617},"median_abs_dev":{"confidence_interval":{"confidence_level":0.95,"lower_bound":34112.69801437848,"upper_bound":56846.34239077591},"point_estimate":46280.692518353324,"standard_error":5963.7332504316555},"slope":null,"std_dev":{"confidence_interval":{"confidence_level":0.95,"lower_bound":37493.14060710362,"upper_bound":50357.73502171921},"point_estimate":44176.053836629915,"standard_error":3306.830172324031}}