{"mean":{"confidence_interval":{"confidence_level":0.95,"lower_bound":6316.148031293719,"upper_bound":6317.9154781351035},"point_estimate":6317.03568941997,"standard_error":0.4517840891829406},"median":{"confidence_interval":{"confidence_level":0.95,"lower_bound":6315.877674883412,"upper_bound":6317.8994333235205},"point_estimate":6316.975261201527,"standard_error":0.5190212759176348},"median_abs_dev":{"confidence_interval":{"confidence_level":0.95,"lower_bound":2.922074322016603,"upper_bound":5.123364322160983},"point_estimate":3.6658913944491114,"standard_error":0.5590005027524324},"slope":{"confidence_interval":{"confidence_level":0.95,"lower_bound":6316.038599904554,"upper_bound":6317.635211186219},"point_estimate":6316.835131904084,"standard_error":0.40636130567882195},"std_dev":{"confidence_interval":{"confidence_level":0.95,"lower_bound":3.806084428930387,"upper_bound":5.244188098586872},"point_estimate":4.550552244270038,"standard_error":0.36840125988327155}}