{"mean":{"confidence_interval":{"confidence_level":0.95,"lower_bound":36433565.298625,"upper_bound":36511074.084375},"point_estimate":36462970.945,"standard_error":20948.364145299824},"median":{"confidence_interval":{"confidence_level":0.95,"lower_bound":36421352.0,"upper_bound":36444778.5},"point_estimate":36432778.0,"standard_error":5581.253624305758},"median_abs_dev":{"confidence_interval":{"confidence_level":0.95,"lower_bound":29283.20273011923,"upper_bound":48780.87498396635},"point_estimate":36956.398893892765,"standard_error":4694.521218946944},"slope":null,"std_dev":{"confidence_interval":{"confidence_level":0.95,"lower_bound":40272.34144785698,"upper_bound":351335.3481165566},"point_estimate":210425.07744621823,"standard_error":100444.997006979}}