{"mean":{"confidence_interval":{"confidence_level":0.95,"lower_bound":2477419.264559524,"upper_bound":2479381.9344047625},"point_estimate":2478255.992380953,"standard_error":506.2760245936871},"median":{"confidence_interval":{"confidence_level":0.95,"lower_bound":2476939.0476190476,"upper_bound":2477734.3333333335},"point_estimate":2477348.571428572,"standard_error":202.3536153895867},"median_abs_dev":{"confidence_interval":{"confidence_level":0.95,"lower_bound":1150.8505795683343,"upper_bound":2047.5764636484978},"point_estimate":1655.640570607244,"standard_error":235.1909613426015},"slope":null,"std_dev":{"confidence_interval":{"confidence_level":0.95,"lower_bound":2044.1880587867922,"upper_bound":7865.315088141832},"point_estimate":5088.210048282255,"standard_error":1661.7938494971422}}