{"mean":{"confidence_interval":{"confidence_level":0.95,"lower_bound":2399715.3090952383,"upper_bound":2410232.4757619044},"point_estimate":2405074.986666666,"standard_error":2683.660698857913},"median":{"confidence_interval":{"confidence_level":0.95,"lower_bound":2403609.8571428573,"upper_bound":2416796.595238095},"point_estimate":2409441.261904762,"standard_error":3452.536976047973},"median_abs_dev":{"confidence_interval":{"confidence_level":0.95,"lower_bound":18103.25167860307,"upper_bound":30275.538662501644},"point_estimate":23995.20987400015,"standard_error":3083.6336874211115},"slope":null,"std_dev":{"confidence_interval":{"confidence_level":0.95,"lower_bound":22819.40785374085,"upper_bound":30541.414254381045},"point_estimate":26974.01016298548,"standard_error":1973.4422046572938}}