{"mean":{"confidence_interval":{"confidence_level":0.95,"lower_bound":802366.5410955168,"upper_bound":802723.7722651071},"point_estimate":802522.4690838207,"standard_error":92.33905916444323},"median":{"confidence_interval":{"confidence_level":0.95,"lower_bound":802352.1973684211,"upper_bound":802571.8201754387},"point_estimate":802483.764619883,"standard_error":53.14415201130242},"median_abs_dev":{"confidence_interval":{"confidence_level":0.95,"lower_bound":36.44724935298951,"upper_bound":359.3511654914759},"point_estimate":108.73974888813025,"standard_error":82.58541268728072},"slope":{"confidence_interval":{"confidence_level":0.95,"lower_bound":802402.3111858902,"upper_bound":802573.923004641},"point_estimate":802493.5854180907,"standard_error":43.7045432817123},"std_dev":{"confidence_interval":{"confidence_level":0.95,"lower_bound":74.77431152601496,"upper_bound":449.41154136185435},"point_estimate":307.4877333358518,"standard_error":108.6580231653313}}