{"mean":{"confidence_interval":{"confidence_level":0.95,"lower_bound":1924318.8672655583,"upper_bound":1928333.3894387912},"point_estimate":1925923.0596981398,"standard_error":1065.9329915800806},"median":{"confidence_interval":{"confidence_level":0.95,"lower_bound":1923885.0555555555,"upper_bound":1924768.2733619763},"point_estimate":1924260.5298746722,"standard_error":207.79643126174167},"median_abs_dev":{"confidence_interval":{"confidence_level":0.95,"lower_bound":978.9229264142208,"upper_bound":1535.815513032412},"point_estimate":1239.732543827566,"standard_error":141.0014561951879},"slope":{"confidence_interval":{"confidence_level":0.95,"lower_bound":1924388.500391321,"upper_bound":1926171.2351971108},"point_estimate":1925124.7156435645,"standard_error":463.3860236104063},"std_dev":{"confidence_interval":{"confidence_level":0.95,"lower_bound":1267.518422381409,"upper_bound":17341.620087824216},"point_estimate":10721.894756708794,"standard_error":4471.187941659354}}