{"mean":{"confidence_interval":{"confidence_level":0.95,"lower_bound":869648.3895824074,"upper_bound":880023.9299973922},"point_estimate":874628.5807173091,"standard_error":2658.727251879666},"median":{"confidence_interval":{"confidence_level":0.95,"lower_bound":866731.8857142857,"upper_bound":882231.9047619047},"point_estimate":871889.2135714286,"standard_error":4018.898495377233},"median_abs_dev":{"confidence_interval":{"confidence_level":0.95,"lower_bound":1605.0415515046634,"upper_bound":14494.028658679528},"point_estimate":7908.794360590813,"standard_error":3436.3430538649254},"slope":{"confidence_interval":{"confidence_level":0.95,"lower_bound":869740.1743757675,"upper_bound":879718.4287684729},"point_estimate":874318.6295609153,"standard_error":2512.75959370078},"std_dev":{"confidence_interval":{"confidence_level":0.95,"lower_bound":4300.650072536683,"upper_bound":10608.591753013772},"point_estimate":8857.30792945517,"standard_error":1529.3490609556536}}