{"mean":{"confidence_interval":{"confidence_level":0.95,"lower_bound":118957.69086701813,"upper_bound":119397.18391936473},"point_estimate":119173.61912288517,"standard_error":112.3392764373085},"median":{"confidence_interval":{"confidence_level":0.95,"lower_bound":118641.03100775194,"upper_bound":119249.01138545954},"point_estimate":118982.60353535354,"standard_error":164.42556999064766},"median_abs_dev":{"confidence_interval":{"confidence_level":0.95,"lower_bound":755.3681879515407,"upper_bound":1373.8535827802302},"point_estimate":1109.921079267638,"standard_error":169.99809485125354},"slope":{"confidence_interval":{"confidence_level":0.95,"lower_bound":118659.5515050252,"upper_bound":119243.78435694185},"point_estimate":118946.10327176002,"standard_error":149.20447912123953},"std_dev":{"confidence_interval":{"confidence_level":0.95,"lower_bound":960.7360438046269,"upper_bound":1284.897130269232},"point_estimate":1129.297453942442,"standard_error":82.87341017148796}}