{"mean":{"confidence_interval":{"confidence_level":0.95,"lower_bound":5482170.181974996,"upper_bound":5484765.86315},"point_estimate":5483435.97,"standard_error":662.324354229946},"median":{"confidence_interval":{"confidence_level":0.95,"lower_bound":5482070.4,"upper_bound":5484520.55},"point_estimate":5483800.55,"standard_error":778.2129991583893},"median_abs_dev":{"confidence_interval":{"confidence_level":0.95,"lower_bound":3832.7433219543755,"upper_bound":7005.877915620666},"point_estimate":5263.674686550818,"standard_error":751.337441088768},"slope":null,"std_dev":{"confidence_interval":{"confidence_level":0.95,"lower_bound":5126.178380900796,"upper_bound":8331.142650138465},"point_estimate":6635.472382680284,"standard_error":846.4041096749953}}