{"mean":{"confidence_interval":{"confidence_level":0.95,"lower_bound":64524580.3,"upper_bound":64631960.81125},"point_estimate":64570146.1375,"standard_error":27828.096379473456},"median":{"confidence_interval":{"confidence_level":0.95,"lower_bound":64506641.375,"upper_bound":64555445.25},"point_estimate":64536093.375,"standard_error":13320.773462326282},"median_abs_dev":{"confidence_interval":{"confidence_level":0.95,"lower_bound":22963.805667310953,"upper_bound":99804.9237281084},"point_estimate":54025.75771585107,"standard_error":21053.21612288356},"slope":null,"std_dev":{"confidence_interval":{"confidence_level":0.95,"lower_bound":44599.3192321021,"upper_bound":192489.12142766648},"point_estimate":127329.20820258227,"standard_error":43718.97134709539}}