{"mean":{"confidence_interval":{"confidence_level":0.95,"lower_bound":2315919.2590625,"upper_bound":7205872.575124999},"point_estimate":4476430.6,"standard_error":1255920.1951897778},"median":{"confidence_interval":{"confidence_level":0.95,"lower_bound":328795.5,"upper_bound":967785.375},"point_estimate":604450.25,"standard_error":158202.22085225515},"median_abs_dev":{"confidence_interval":{"confidence_level":0.95,"lower_bound":407295.7876190543,"upper_bound":1220214.4294787352},"point_estimate":736249.5100289583,"standard_error":203591.62852583345},"slope":null,"std_dev":{"confidence_interval":{"confidence_level":0.95,"lower_bound":5522086.86676017,"upper_bound":18367173.78414049},"point_estimate":12614198.323988166,"standard_error":3330213.412547845}}