{"mean":{"confidence_interval":{"confidence_level":0.95,"lower_bound":6965.262937140742,"upper_bound":7055.449829117265},"point_estimate":7013.055227867799,"standard_error":22.9346425930151},"median":{"confidence_interval":{"confidence_level":0.95,"lower_bound":6989.9727880814835,"upper_bound":7079.730854511342},"point_estimate":7041.44611013986,"standard_error":22.508073195466576},"median_abs_dev":{"confidence_interval":{"confidence_level":0.95,"lower_bound":142.88461343881474,"upper_bound":220.15252461564296},"point_estimate":186.4769280829788,"standard_error":19.166582068848026},"slope":{"confidence_interval":{"confidence_level":0.95,"lower_bound":7023.010202894932,"upper_bound":7112.528422303846},"point_estimate":7067.950128709771,"standard_error":22.8374860136016},"std_dev":{"confidence_interval":{"confidence_level":0.95,"lower_bound":161.281955902264,"upper_bound":314.2091111710043},"point_estimate":231.14524329715573,"standard_error":43.199903600205296}}