{"mean":{"confidence_interval":{"confidence_level":0.95,"lower_bound":7944.334406605192,"upper_bound":7995.266460975687},"point_estimate":7971.319156935508,"standard_error":13.017796130092638},"median":{"confidence_interval":{"confidence_level":0.95,"lower_bound":7970.825513196481,"upper_bound":8014.004704301075},"point_estimate":8001.500701262272,"standard_error":10.066623224944431},"median_abs_dev":{"confidence_interval":{"confidence_level":0.95,"lower_bound":62.783071912144784,"upper_bound":123.86012582092553},"point_estimate":97.69387413267398,"standard_error":15.600882970148584},"slope":{"confidence_interval":{"confidence_level":0.95,"lower_bound":7953.302231103805,"upper_bound":7997.076811594275},"point_estimate":7975.956835139219,"standard_error":11.19056506339179},"std_dev":{"confidence_interval":{"confidence_level":0.95,"lower_bound":92.66817115100123,"upper_bound":174.6183734921285},"point_estimate":130.90687414695827,"standard_error":22.671571097072814}}