{"mean":{"confidence_interval":{"confidence_level":0.95,"lower_bound":10326305607.69825,"upper_bound":10335796165.43475},"point_estimate":10330955002.18,"standard_error":2426935.9134574006},"median":{"confidence_interval":{"confidence_level":0.95,"lower_bound":10325178893.0,"upper_bound":10334651559.0},"point_estimate":10329316688.0,"standard_error":2320476.5496345507},"median_abs_dev":{"confidence_interval":{"confidence_level":0.95,"lower_bound":15138638.799357936,"upper_bound":25587283.370634913},"point_estimate":21387211.079201102,"standard_error":2786451.298870818},"slope":null,"std_dev":{"confidence_interval":{"confidence_level":0.95,"lower_bound":19172883.976642285,"upper_bound":29125552.50121916},"point_estimate":24302376.52674147,"standard_error":2555667.872401718}}