{"mean":{"confidence_interval":{"confidence_level":0.95,"lower_bound":769194.961197479,"upper_bound":777210.6796248498},"point_estimate":773309.0139545819,"standard_error":2060.0193218166673},"median":{"confidence_interval":{"confidence_level":0.95,"lower_bound":768586.493837535,"upper_bound":778397.2153361344},"point_estimate":774373.337535014,"standard_error":2368.0349884676784},"median_abs_dev":{"confidence_interval":{"confidence_level":0.95,"lower_bound":1561.0718722854465,"upper_bound":11474.302795702099},"point_estimate":6447.994181848726,"standard_error":2681.7824718789298},"slope":{"confidence_interval":{"confidence_level":0.95,"lower_bound":771070.7973772469,"upper_bound":778964.5939209232},"point_estimate":774597.9797446252,"standard_error":2034.7685319370783},"std_dev":{"confidence_interval":{"confidence_level":0.95,"lower_bound":3414.810946531711,"upper_bound":8802.25924771469},"point_estimate":6854.5929900103365,"standard_error":1352.031601034498}}