{"mean":{"confidence_interval":{"confidence_level":0.95,"lower_bound":1051.7727744852746,"upper_bound":1052.654562281473},"point_estimate":1052.1948477550475,"standard_error":0.2256554348829421},"median":{"confidence_interval":{"confidence_level":0.95,"lower_bound":1051.310178507032,"upper_bound":1051.9448529411766},"point_estimate":1051.6634513526728,"standard_error":0.1466361238030965},"median_abs_dev":{"confidence_interval":{"confidence_level":0.95,"lower_bound":1.203219213099398,"upper_bound":2.1740742357669043},"point_estimate":1.7485039011151002,"standard_error":0.2513927012247244},"slope":{"confidence_interval":{"confidence_level":0.95,"lower_bound":1051.1485823706807,"upper_bound":1051.7997624512857},"point_estimate":1051.4623692746204,"standard_error":0.16616077639210863},"std_dev":{"confidence_interval":{"confidence_level":0.95,"lower_bound":1.7205348296617553,"upper_bound":2.7885121212185084},"point_estimate":2.260164165390604,"standard_error":0.27523345901327784}}