{"mean":{"confidence_interval":{"confidence_level":0.95,"lower_bound":26404.31914300969,"upper_bound":26553.24927658614},"point_estimate":26480.726286374884,"standard_error":37.98603402896052},"median":{"confidence_interval":{"confidence_level":0.95,"lower_bound":26475.763157894737,"upper_bound":26614.279461952756},"point_estimate":26561.48803749004,"standard_error":36.93207857055429},"median_abs_dev":{"confidence_interval":{"confidence_level":0.95,"lower_bound":254.39839715816288,"upper_bound":405.996462868145},"point_estimate":325.4466291106913,"standard_error":38.61846381966097},"slope":{"confidence_interval":{"confidence_level":0.95,"lower_bound":26393.850821126493,"upper_bound":26553.918931680782},"point_estimate":26476.688404719498,"standard_error":40.85661099559956},"std_dev":{"confidence_interval":{"confidence_level":0.95,"lower_bound":306.14748988379955,"upper_bound":449.1041938264825},"point_estimate":381.70081695864735,"standard_error":36.57647940118928}}