{"mean":{"confidence_interval":{"confidence_level":0.95,"lower_bound":390.1080240495108,"upper_bound":390.2962737141958},"point_estimate":390.2042233275834,"standard_error":0.04764555922280617},"median":{"confidence_interval":{"confidence_level":0.95,"lower_bound":390.10089094208877,"upper_bound":390.2522191057581},"point_estimate":390.1970520119534,"standard_error":0.03822843063406234},"median_abs_dev":{"confidence_interval":{"confidence_level":0.95,"lower_bound":0.21076189698997702,"upper_bound":0.31438678730251907},"point_estimate":0.26623220761407196,"standard_error":0.027354599315506697},"slope":{"confidence_interval":{"confidence_level":0.95,"lower_bound":390.1161368364185,"upper_bound":390.2224141029823},"point_estimate":390.1697891169714,"standard_error":0.027132900696058403},"std_dev":{"confidence_interval":{"confidence_level":0.95,"lower_bound":0.2850027832728756,"upper_bound":0.6562015478994654},"point_estimate":0.4761403186615172,"standard_error":0.09575984384925837}}