{"mean":{"confidence_interval":{"confidence_level":0.95,"lower_bound":6377.204177296736,"upper_bound":6380.879761599126},"point_estimate":6378.96547131346,"standard_error":0.9421715235246435},"median":{"confidence_interval":{"confidence_level":0.95,"lower_bound":6374.940928270043,"upper_bound":6376.759209216328},"point_estimate":6376.010863881444,"standard_error":0.4315893445097144},"median_abs_dev":{"confidence_interval":{"confidence_level":0.95,"lower_bound":3.2438932691639666,"upper_bound":6.510105669079697},"point_estimate":4.696042595254405,"standard_error":0.8326804329595481},"slope":{"confidence_interval":{"confidence_level":0.95,"lower_bound":6376.35337317776,"upper_bound":6380.309449963259},"point_estimate":6378.203631005269,"standard_error":1.0140654779237592},"std_dev":{"confidence_interval":{"confidence_level":0.95,"lower_bound":7.121649042299083,"upper_bound":11.440134507592642},"point_estimate":9.470551585238068,"standard_error":1.1053237055556835}}