{"mean":{"confidence_interval":{"confidence_level":0.95,"lower_bound":8747.204369726049,"upper_bound":8788.958498311897},"point_estimate":8768.644228952964,"standard_error":10.653079230495386},"median":{"confidence_interval":{"confidence_level":0.95,"lower_bound":8770.00196591294,"upper_bound":8817.362463126843},"point_estimate":8788.240930497335,"standard_error":14.4322534847868},"median_abs_dev":{"confidence_interval":{"confidence_level":0.95,"lower_bound":71.75974923369522,"upper_bound":131.2686635699151},"point_estimate":107.90017156935428,"standard_error":17.432647693075644},"slope":{"confidence_interval":{"confidence_level":0.95,"lower_bound":8689.442889211596,"upper_bound":8743.264716614773},"point_estimate":8716.143641069166,"standard_error":13.751908143588162},"std_dev":{"confidence_interval":{"confidence_level":0.95,"lower_bound":88.34199476559687,"upper_bound":124.28852167653501},"point_estimate":106.99971691140924,"standard_error":9.1853290808783}}