{"mean":{"confidence_interval":{"confidence_level":0.95,"lower_bound":1238734223.24875,"upper_bound":1240648927.26},"point_estimate":1239701020.95,"standard_error":489066.7483475662},"median":{"confidence_interval":{"confidence_level":0.95,"lower_bound":1238947301.5,"upper_bound":1241092207.0},"point_estimate":1239824713.5,"standard_error":482931.4734569018},"median_abs_dev":{"confidence_interval":{"confidence_level":0.95,"lower_bound":729173.0603545904,"upper_bound":3475340.359300375},"point_estimate":2233993.501138687,"standard_error":666681.8581024952},"slope":null,"std_dev":{"confidence_interval":{"confidence_level":0.95,"lower_bound":1509843.5169682342,"upper_bound":2787145.7023838125},"point_estimate":2246751.988372161,"standard_error":325690.3578137559}}