{"mean":{"confidence_interval":{"confidence_level":0.95,"lower_bound":4565.554116430485,"upper_bound":4575.299289712023},"point_estimate":4569.417743887279,"standard_error":2.60391355275543},"median":{"confidence_interval":{"confidence_level":0.95,"lower_bound":4565.333037929812,"upper_bound":4566.0901838362815},"point_estimate":4565.780142010721,"standard_error":0.17173216785825007},"median_abs_dev":{"confidence_interval":{"confidence_level":0.95,"lower_bound":1.2454418824872184,"upper_bound":2.290286054557562},"point_estimate":1.8300048451112245,"standard_error":0.27270475294403934},"slope":{"confidence_interval":{"confidence_level":0.95,"lower_bound":4565.5501112878765,"upper_bound":4575.068739514218},"point_estimate":4569.263581272358,"standard_error":2.505487538663559},"std_dev":{"confidence_interval":{"confidence_level":0.95,"lower_bound":2.783007592751181,"upper_bound":42.92181374674319},"point_estimate":26.277289253887076,"standard_error":11.369743077327081}}