{"mean":{"confidence_interval":{"confidence_level":0.95,"lower_bound":53696.8980898474,"upper_bound":53953.92406664843},"point_estimate":53830.8843154022,"standard_error":65.60732703279663},"median":{"confidence_interval":{"confidence_level":0.95,"lower_bound":53885.457914523155,"upper_bound":54118.72234156821},"point_estimate":53983.07314171505,"standard_error":62.15623555967901},"median_abs_dev":{"confidence_interval":{"confidence_level":0.95,"lower_bound":381.23162893946267,"upper_bound":635.8902217696618},"point_estimate":515.569048446065,"standard_error":65.1602161789611},"slope":{"confidence_interval":{"confidence_level":0.95,"lower_bound":53796.2794957972,"upper_bound":54005.221853054834},"point_estimate":53907.31386356389,"standard_error":53.28921074315475},"std_dev":{"confidence_interval":{"confidence_level":0.95,"lower_bound":495.4634973327986,"upper_bound":834.9268799639988},"point_estimate":659.822672364714,"standard_error":88.7484163376931}}