{"mean":{"confidence_interval":{"confidence_level":0.95,"lower_bound":6774879.439428521,"upper_bound":7137073.568855282},"point_estimate":6952253.401757854,"standard_error":92570.5153072495},"median":{"confidence_interval":{"confidence_level":0.95,"lower_bound":6704761.127392344,"upper_bound":7064873.724206349},"point_estimate":6911020.8,"standard_error":101887.64442746274},"median_abs_dev":{"confidence_interval":{"confidence_level":0.95,"lower_bound":166709.0371145534,"upper_bound":654419.9406509544},"point_estimate":449586.4615993806,"standard_error":132234.08338287062},"slope":{"confidence_interval":{"confidence_level":0.95,"lower_bound":6668724.417947084,"upper_bound":7016391.366401628},"point_estimate":6831904.148519164,"standard_error":88633.52832166998},"std_dev":{"confidence_interval":{"confidence_level":0.95,"lower_bound":285320.5204625993,"upper_bound":516751.2969170007},"point_estimate":422128.2246472031,"standard_error":58836.4471152042}}