{"mean":{"confidence_interval":{"confidence_level":0.95,"lower_bound":3677.950085025594,"upper_bound":3706.5831032173687},"point_estimate":3692.6225188753115,"standard_error":7.3394823244315095},"median":{"confidence_interval":{"confidence_level":0.95,"lower_bound":3679.4299736495386,"upper_bound":3722.3486730660643},"point_estimate":3704.452698365878,"standard_error":12.540523091340477},"median_abs_dev":{"confidence_interval":{"confidence_level":0.95,"lower_bound":54.192188525019006,"upper_bound":85.06064304179353},"point_estimate":68.53398112575141,"standard_error":8.032862360230798},"slope":{"confidence_interval":{"confidence_level":0.95,"lower_bound":3686.355758856942,"upper_bound":3712.2356186448465},"point_estimate":3699.518394323534,"standard_error":6.610194714436585},"std_dev":{"confidence_interval":{"confidence_level":0.95,"lower_bound":59.19194971276196,"upper_bound":87.486996856641},"point_estimate":73.89947295107459,"standard_error":7.261232960486985}}