{"mean":{"confidence_interval":{"confidence_level":0.95,"lower_bound":978995.8256348976,"upper_bound":990761.1655423138},"point_estimate":984918.4405687798,"standard_error":3003.3756569167035},"median":{"confidence_interval":{"confidence_level":0.95,"lower_bound":978262.6388297873,"upper_bound":992366.6734693878},"point_estimate":983898.6770408163,"standard_error":3593.281825623712},"median_abs_dev":{"confidence_interval":{"confidence_level":0.95,"lower_bound":19244.738227337573,"upper_bound":33942.72322239621},"point_estimate":23871.766570441432,"standard_error":3844.207486386614},"slope":{"confidence_interval":{"confidence_level":0.95,"lower_bound":984579.5315201356,"upper_bound":996647.1181121904},"point_estimate":990612.3833545146,"standard_error":3063.7538540726523},"std_dev":{"confidence_interval":{"confidence_level":0.95,"lower_bound":25231.53542025369,"upper_bound":34748.78168789339},"point_estimate":30161.359960324477,"standard_error":2431.1651896861563}}