{"mean":{"confidence_interval":{"confidence_level":0.95,"lower_bound":3190.341333812679,"upper_bound":3211.223258228503},"point_estimate":3201.0620524556275,"standard_error":5.313239679016399},"median":{"confidence_interval":{"confidence_level":0.95,"lower_bound":3197.0699977988115,"upper_bound":3221.9598214285716},"point_estimate":3211.244019783072,"standard_error":5.77528899386931},"median_abs_dev":{"confidence_interval":{"confidence_level":0.95,"lower_bound":37.822338967755954,"upper_bound":67.00245457814532},"point_estimate":56.66692853941528,"standard_error":7.581413963210412},"slope":{"confidence_interval":{"confidence_level":0.95,"lower_bound":3194.7052395648193,"upper_bound":3217.3111145500397},"point_estimate":3206.670703605542,"standard_error":5.759260974079574},"std_dev":{"confidence_interval":{"confidence_level":0.95,"lower_bound":43.82685096847091,"upper_bound":63.501398153456535},"point_estimate":53.404947886588964,"standard_error":5.100211063361966}}