{"mean":{"confidence_interval":{"confidence_level":0.95,"lower_bound":857349612.14125,"upper_bound":859421190.1687499},"point_estimate":858359511.35,"standard_error":528326.4661889566},"median":{"confidence_interval":{"confidence_level":0.95,"lower_bound":856892251.0,"upper_bound":859721006.0},"point_estimate":857444339.5,"standard_error":831955.1969981724},"median_abs_dev":{"confidence_interval":{"confidence_level":0.95,"lower_bound":592340.2022838593,"upper_bound":3657463.6813670397},"point_estimate":2626837.274864316,"standard_error":783249.2669216666},"slope":null,"std_dev":{"confidence_interval":{"confidence_level":0.95,"lower_bound":1671258.8606846584,"upper_bound":2964090.9396022833},"point_estimate":2423225.631868448,"standard_error":328138.1702306442}}