{"mean":{"confidence_interval":{"confidence_level":0.95,"lower_bound":4195.140440937301,"upper_bound":4233.812337304834},"point_estimate":4215.3106457280055,"standard_error":9.874299792653142},"median":{"confidence_interval":{"confidence_level":0.95,"lower_bound":4224.683761932593,"upper_bound":4237.672717642527},"point_estimate":4232.462383109293,"standard_error":4.325724657219257},"median_abs_dev":{"confidence_interval":{"confidence_level":0.95,"lower_bound":65.43849328541191,"upper_bound":98.66401338814781},"point_estimate":83.35944920757936,"standard_error":10.77705743318147},"slope":{"confidence_interval":{"confidence_level":0.95,"lower_bound":4177.575301157547,"upper_bound":4229.3424947532585},"point_estimate":4204.931996666274,"standard_error":13.19684202796843},"std_dev":{"confidence_interval":{"confidence_level":0.95,"lower_bound":74.53249126041666,"upper_bound":126.79159225680776},"point_estimate":99.05356178798148,"standard_error":13.940818105196684}}