{"mean":{"confidence_interval":{"confidence_level":0.95,"lower_bound":46957392281.877495,"upper_bound":47063908587.80375},"point_estimate":47010496560.85,"standard_error":27266446.65307065},"median":{"confidence_interval":{"confidence_level":0.95,"lower_bound":46939385321.5,"upper_bound":47060279085.0},"point_estimate":47009683191.5,"standard_error":39423669.35911713},"median_abs_dev":{"confidence_interval":{"confidence_level":0.95,"lower_bound":66191713.644862175,"upper_bound":204677901.97184086},"point_estimate":139013107.322824,"standard_error":36165065.55756851},"slope":null,"std_dev":{"confidence_interval":{"confidence_level":0.95,"lower_bound":90098454.38621801,"upper_bound":149782654.8585283},"point_estimate":124836680.5537747,"standard_error":15316686.792421367}}