{"mean":{"confidence_interval":{"confidence_level":0.95,"lower_bound":1844.9878199431168,"upper_bound":1857.2089591834022},"point_estimate":1851.3423193103836,"standard_error":3.122590261129781},"median":{"confidence_interval":{"confidence_level":0.95,"lower_bound":1851.1594708013076,"upper_bound":1863.1452621452622},"point_estimate":1858.7474137743682,"standard_error":3.2647430288746753},"median_abs_dev":{"confidence_interval":{"confidence_level":0.95,"lower_bound":18.388674053701,"upper_bound":31.496786023093062},"point_estimate":23.419642467335066,"standard_error":3.1113443702763623},"slope":{"confidence_interval":{"confidence_level":0.95,"lower_bound":1844.8047005457709,"upper_bound":1855.153718101698},"point_estimate":1850.154234801488,"standard_error":2.642523868638186},"std_dev":{"confidence_interval":{"confidence_level":0.95,"lower_bound":24.442883066844747,"upper_bound":37.77427560126129},"point_estimate":31.357093869582382,"standard_error":3.411767070498383}}