{"mean":{"confidence_interval":{"confidence_level":0.95,"lower_bound":4275369.425854164,"upper_bound":4277226.9830625},"point_estimate":4276244.907500002,"standard_error":476.30734322119196},"median":{"confidence_interval":{"confidence_level":0.95,"lower_bound":4274806.75,"upper_bound":4276340.166666667},"point_estimate":4275552.625,"standard_error":375.59390110144886},"median_abs_dev":{"confidence_interval":{"confidence_level":0.95,"lower_bound":2415.5877821152044,"upper_bound":4225.780574977398},"point_estimate":3126.0620445013046,"standard_error":477.72667573661465},"slope":null,"std_dev":{"confidence_interval":{"confidence_level":0.95,"lower_bound":3240.0074307856567,"upper_bound":6283.369331696412},"point_estimate":4802.668585901078,"standard_error":786.3171773804602}}