{"mean":{"confidence_interval":{"confidence_level":0.95,"lower_bound":12680466.06475,"upper_bound":12733148.4458125},"point_estimate":12707369.5725,"standard_error":13476.530462166726},"median":{"confidence_interval":{"confidence_level":0.95,"lower_bound":12703629.75,"upper_bound":12765234.25},"point_estimate":12733458.0,"standard_error":16427.425150798073},"median_abs_dev":{"confidence_interval":{"confidence_level":0.95,"lower_bound":84625.6945475936,"upper_bound":143712.86324858665},"point_estimate":114299.74769577384,"standard_error":14717.38669646647},"slope":null,"std_dev":{"confidence_interval":{"confidence_level":0.95,"lower_bound":114146.6738756252,"upper_bound":153942.10221049853},"point_estimate":135508.85938596868,"standard_error":10151.303876343378}}