{"mean":{"confidence_interval":{"confidence_level":0.95,"lower_bound":12897277.7100625,"upper_bound":12905355.5565},"point_estimate":12901294.255,"standard_error":2061.8440821815198},"median":{"confidence_interval":{"confidence_level":0.95,"lower_bound":12894935.0,"upper_bound":12906098.5},"point_estimate":12901398.125,"standard_error":2635.570897986878},"median_abs_dev":{"confidence_interval":{"confidence_level":0.95,"lower_bound":14493.526692688465,"upper_bound":23575.19283145666},"point_estimate":17440.37946537137,"standard_error":2357.58565906485},"slope":null,"std_dev":{"confidence_interval":{"confidence_level":0.95,"lower_bound":17160.23405479805,"upper_bound":23912.277426772933},"point_estimate":20615.98217611359,"standard_error":1726.6371141569616}}