{"mean":{"confidence_interval":{"confidence_level":0.95,"lower_bound":509726634.19,"upper_bound":511370480.96125},"point_estimate":510524829.15,"standard_error":420867.5985824705},"median":{"confidence_interval":{"confidence_level":0.95,"lower_bound":509195055.5,"upper_bound":511792546.5},"point_estimate":510202681.0,"standard_error":728991.8633369688},"median_abs_dev":{"confidence_interval":{"confidence_level":0.95,"lower_bound":788356.968703866,"upper_bound":3250696.0699886084},"point_estimate":2085875.0920683146,"standard_error":585511.113200682},"slope":null,"std_dev":{"confidence_interval":{"confidence_level":0.95,"lower_bound":1321371.283702575,"upper_bound":2360895.952178137},"point_estimate":1930996.9756470984,"standard_error":265985.3334959991}}