{"mean":{"confidence_interval":{"confidence_level":0.95,"lower_bound":192011.6124818599,"upper_bound":192783.116351495},"point_estimate":192405.34429410647,"standard_error":196.36044711655936},"median":{"confidence_interval":{"confidence_level":0.95,"lower_bound":192448.08333333334,"upper_bound":193514.20103092783},"point_estimate":193024.34119282715,"standard_error":267.8808597143338},"median_abs_dev":{"confidence_interval":{"confidence_level":0.95,"lower_bound":1110.5258748675217,"upper_bound":2209.920286065938},"point_estimate":1683.3350051292923,"standard_error":266.9418311848162},"slope":{"confidence_interval":{"confidence_level":0.95,"lower_bound":192153.57553916448,"upper_bound":192978.7813481879},"point_estimate":192584.95218905472,"standard_error":210.438773863992},"std_dev":{"confidence_interval":{"confidence_level":0.95,"lower_bound":1601.256927508705,"upper_bound":2338.6334348555533},"point_estimate":1986.841971562464,"standard_error":188.96020993295093}}