{"mean":{"confidence_interval":{"confidence_level":0.95,"lower_bound":308.70534614886856,"upper_bound":310.55220473205713},"point_estimate":309.68163630362136,"standard_error":0.4722606135217754},"median":{"confidence_interval":{"confidence_level":0.95,"lower_bound":309.44542337373684,"upper_bound":311.4527203324314},"point_estimate":310.6948294461438,"standard_error":0.5055713125028886},"median_abs_dev":{"confidence_interval":{"confidence_level":0.95,"lower_bound":2.65185169789508,"upper_bound":4.501484557288533},"point_estimate":3.631617931924619,"standard_error":0.4555389514986096},"slope":{"confidence_interval":{"confidence_level":0.95,"lower_bound":309.6064003883997,"upper_bound":311.5014648446873},"point_estimate":310.6124639053476,"standard_error":0.48392709455402333},"std_dev":{"confidence_interval":{"confidence_level":0.95,"lower_bound":3.2904961808648414,"upper_bound":6.352720617554217},"point_estimate":4.741260277056212,"standard_error":0.8254025049789218}}