{"mean":{"confidence_interval":{"confidence_level":0.95,"lower_bound":73470037.231875,"upper_bound":73533869.57531251},"point_estimate":73501243.325,"standard_error":16283.510574513666},"median":{"confidence_interval":{"confidence_level":0.95,"lower_bound":73467103.125,"upper_bound":73537083.25},"point_estimate":73501143.5,"standard_error":22954.04827633467},"median_abs_dev":{"confidence_interval":{"confidence_level":0.95,"lower_bound":33583.113303780556,"upper_bound":110072.66984581947},"point_estimate":61180.0438888371,"standard_error":20943.49927035891},"slope":null,"std_dev":{"confidence_interval":{"confidence_level":0.95,"lower_bound":50051.27766446305,"upper_bound":93924.56035519815},"point_estimate":74432.37370536514,"standard_error":11357.091423053742}}