{"mean":{"confidence_interval":{"confidence_level":0.95,"lower_bound":2516.867423883853,"upper_bound":2518.2412730529727},"point_estimate":2517.537540269689,"standard_error":0.350971520931256},"median":{"confidence_interval":{"confidence_level":0.95,"lower_bound":2516.005588144489,"upper_bound":2516.740210970464},"point_estimate":2516.2584664794695,"standard_error":0.17587611075004514},"median_abs_dev":{"confidence_interval":{"confidence_level":0.95,"lower_bound":1.1400017110490313,"upper_bound":2.1229663985024363},"point_estimate":1.5017330002231195,"standard_error":0.25516534261126805},"slope":{"confidence_interval":{"confidence_level":0.95,"lower_bound":2516.9400758002207,"upper_bound":2518.716013332108},"point_estimate":2517.7781186734583,"standard_error":0.4537498911717565},"std_dev":{"confidence_interval":{"confidence_level":0.95,"lower_bound":2.818561772849194,"upper_bound":4.095384801659703},"point_estimate":3.5251081841249277,"standard_error":0.3277698803388678}}