{"mean":{"confidence_interval":{"confidence_level":0.95,"lower_bound":3893737.073211539,"upper_bound":3895866.8449038477},"point_estimate":3894784.4692307687,"standard_error":543.8990334147643},"median":{"confidence_interval":{"confidence_level":0.95,"lower_bound":3893295.4615384615,"upper_bound":3896218.6153846155},"point_estimate":3894164.692307692,"standard_error":842.4847504741964},"median_abs_dev":{"confidence_interval":{"confidence_level":0.95,"lower_bound":3934.932950718021,"upper_bound":6158.834336812449},"point_estimate":5217.953584286175,"standard_error":577.1136072560553},"slope":null,"std_dev":{"confidence_interval":{"confidence_level":0.95,"lower_bound":4416.653063179899,"upper_bound":6528.4786440419875},"point_estimate":5469.978384830455,"standard_error":541.7033533891106}}