{"mean":{"confidence_interval":{"confidence_level":0.95,"lower_bound":224.91238257193922,"upper_bound":227.5253410042821},"point_estimate":226.24829242386437,"standard_error":0.667649384129188},"median":{"confidence_interval":{"confidence_level":0.95,"lower_bound":226.32198381736742,"upper_bound":230.1286227710155},"point_estimate":227.8072058327738,"standard_error":0.9149559590108234},"median_abs_dev":{"confidence_interval":{"confidence_level":0.95,"lower_bound":4.255498211469947,"upper_bound":8.423186246257746},"point_estimate":7.4967612922940505,"standard_error":1.0231619097757536},"slope":{"confidence_interval":{"confidence_level":0.95,"lower_bound":223.7219073902535,"upper_bound":227.40354709137566},"point_estimate":225.58426199545988,"standard_error":0.9415496757102659},"std_dev":{"confidence_interval":{"confidence_level":0.95,"lower_bound":5.623935655685793,"upper_bound":7.6809954362423065},"point_estimate":6.709112319027725,"standard_error":0.5268058468793126}}