{"mean":{"confidence_interval":{"confidence_level":0.95,"lower_bound":530925.4909466178,"upper_bound":531189.7630062513},"point_estimate":531054.0576963043,"standard_error":67.50836872364512},"median":{"confidence_interval":{"confidence_level":0.95,"lower_bound":530713.3529647436,"upper_bound":530880.6145833333},"point_estimate":530815.6795704296,"standard_error":42.80916095262793},"median_abs_dev":{"confidence_interval":{"confidence_level":0.95,"lower_bound":249.9088072737608,"upper_bound":610.8258174166161},"point_estimate":411.32804397016787,"standard_error":87.21683314306253},"slope":{"confidence_interval":{"confidence_level":0.95,"lower_bound":530829.3074555531,"upper_bound":531166.452659575},"point_estimate":530990.1821309295,"standard_error":86.23637666229564},"std_dev":{"confidence_interval":{"confidence_level":0.95,"lower_bound":561.2279846952955,"upper_bound":771.8160572012652},"point_estimate":677.7346194145103,"standard_error":53.72056695718757}}