{"mean":{"confidence_interval":{"confidence_level":0.95,"lower_bound":20537759.163333334,"upper_bound":22293272.394898415},"point_estimate":21311424.726825397,"standard_error":452643.85199809604},"median":{"confidence_interval":{"confidence_level":0.95,"lower_bound":20210774.257142857,"upper_bound":21917820.138888888},"point_estimate":21084071.925,"standard_error":536063.8558099404},"median_abs_dev":{"confidence_interval":{"confidence_level":0.95,"lower_bound":143958.4947642268,"upper_bound":2149409.9812653414},"point_estimate":1222771.8519964614,"standard_error":486802.60174138646},"slope":{"confidence_interval":{"confidence_level":0.95,"lower_bound":20147520.77461566,"upper_bound":21652604.107292134},"point_estimate":20827027.775584415,"standard_error":395646.1945899076},"std_dev":{"confidence_interval":{"confidence_level":0.95,"lower_bound":628334.1463346971,"upper_bound":2132973.976739527},"point_estimate":1504662.947972135,"standard_error":457845.7038301108}}