{"mean":{"confidence_interval":{"confidence_level":0.95,"lower_bound":12400040.279562501,"upper_bound":12964505.043624999},"point_estimate":12680607.78,"standard_error":144640.23547389076},"median":{"confidence_interval":{"confidence_level":0.95,"lower_bound":12233220.0,"upper_bound":12865110.0},"point_estimate":12519650.375,"standard_error":168121.3212096441},"median_abs_dev":{"confidence_interval":{"confidence_level":0.95,"lower_bound":973807.0597864687,"upper_bound":1827946.9893224537},"point_estimate":1413839.3961243331,"standard_error":214876.0931786247},"slope":null,"std_dev":{"confidence_interval":{"confidence_level":0.95,"lower_bound":1267048.116322101,"upper_bound":1609502.475964112},"point_estimate":1451121.9136627717,"standard_error":87556.05489057}}