{"mean":{"confidence_interval":{"confidence_level":0.95,"lower_bound":2391030.3702261914,"upper_bound":2392294.271464286},"point_estimate":2391634.1776190475,"standard_error":323.38716882021276},"median":{"confidence_interval":{"confidence_level":0.95,"lower_bound":2390842.380952381,"upper_bound":2391932.904761905},"point_estimate":2391451.904761905,"standard_error":296.33597339249616},"median_abs_dev":{"confidence_interval":{"confidence_level":0.95,"lower_bound":1758.0811687873927,"upper_bound":3148.971744094642},"point_estimate":2492.3211557523887,"standard_error":349.0375091439076},"slope":null,"std_dev":{"confidence_interval":{"confidence_level":0.95,"lower_bound":2392.9563393450467,"upper_bound":4076.7341244337126},"point_estimate":3252.731398091105,"standard_error":433.9081544514922}}