{"mean":{"confidence_interval":{"confidence_level":0.95,"lower_bound":1867.2852605802773,"upper_bound":1869.3340981242777},"point_estimate":1868.2994337214834,"standard_error":0.5233304840272798},"median":{"confidence_interval":{"confidence_level":0.95,"lower_bound":1864.3243089652665,"upper_bound":1873.2379924953095},"point_estimate":1865.4929608783268,"standard_error":2.245841421987304},"median_abs_dev":{"confidence_interval":{"confidence_level":0.95,"lower_bound":2.4063738034322126,"upper_bound":7.930186274822175},"point_estimate":4.881286047381998,"standard_error":1.3907251359003918},"slope":{"confidence_interval":{"confidence_level":0.95,"lower_bound":1871.3836736286275,"upper_bound":1872.8721323890672},"point_estimate":1872.2228925219536,"standard_error":0.37876155010272416},"std_dev":{"confidence_interval":{"confidence_level":0.95,"lower_bound":4.988354836890046,"upper_bound":5.449415862695025},"point_estimate":5.2661431574034925,"standard_error":0.1172432082902682}}