{"mean":{"confidence_interval":{"confidence_level":0.95,"lower_bound":599189.3086002698,"upper_bound":601972.2538839686},"point_estimate":600631.3187255613,"standard_error":710.1761012303045},"median":{"confidence_interval":{"confidence_level":0.95,"lower_bound":600388.1691176471,"upper_bound":603243.15},"point_estimate":601263.973805147,"standard_error":861.9327247128322},"median_abs_dev":{"confidence_interval":{"confidence_level":0.95,"lower_bound":3970.464640279327,"upper_bound":7324.564161267365},"point_estimate":5664.446887796132,"standard_error":864.0803241881002},"slope":{"confidence_interval":{"confidence_level":0.95,"lower_bound":599847.6157797122,"upper_bound":602238.0658820315},"point_estimate":601033.266887838,"standard_error":607.9475807039694},"std_dev":{"confidence_interval":{"confidence_level":0.95,"lower_bound":5484.511720181991,"upper_bound":8855.499926538063},"point_estimate":7153.345229062006,"standard_error":875.5449778326691}}